2025-10-01 19:16:46,099 - __main__ - INFO - 🔥 Initializing AEGIS-X Ultimate Master System...
2025-10-01 19:16:46,673 - __main__ - INFO - 🚀 AEGIS-X Ultimate Master System v7.0 initialized
2025-10-01 19:16:46,673 - __main__ - INFO - 📊 Payload Arsenal: 100,000 patterns loaded
2025-10-01 19:16:46,673 - __main__ - INFO - 🥷 Stealth Engine: 4 profiles available
2025-10-01 19:16:46,673 - __main__ - INFO - 🤖 AI Trainer: 9 methodologies loaded
2025-10-01 19:16:46,673 - __main__ - INFO - 🔥🔥🔥🔥🔥🔥🔥🔥🔥🔥🔥🔥🔥🔥🔥🔥🔥🔥🔥🔥🔥🔥🔥🔥🔥🔥🔥🔥🔥🔥🔥🔥🔥🔥🔥🔥🔥🔥🔥🔥🔥🔥🔥🔥🔥🔥🔥🔥🔥🔥🔥🔥🔥🔥🔥🔥🔥🔥🔥🔥
2025-10-01 19:16:46,673 - __main__ - INFO - 🚀 STARTING ULTIMATE AEGIS-X CAMPAIGN v7.0
2025-10-01 19:16:46,673 - __main__ - INFO - 🔥🔥🔥🔥🔥🔥🔥🔥🔥🔥🔥🔥🔥🔥🔥🔥🔥🔥🔥🔥🔥🔥🔥🔥🔥🔥🔥🔥🔥🔥🔥🔥🔥🔥🔥🔥🔥🔥🔥🔥🔥🔥🔥🔥🔥🔥🔥🔥🔥🔥🔥🔥🔥🔥🔥🔥🔥🔥🔥🔥
2025-10-01 19:16:46,673 - __main__ - INFO - 📊 Campaign ID: ultimate_campaign_1759346206
2025-10-01 19:16:46,673 - __main__ - INFO - 🎯 Target: localhost:12001
2025-10-01 19:16:46,673 - __main__ - INFO - ⏰ Time Limit: 5 minutes
2025-10-01 19:16:46,673 - __main__ - INFO - 🥷 Stealth Profile: ghost
2025-10-01 19:16:46,673 - __main__ - INFO - 🤖 AI Training: True
2025-10-01 19:16:46,673 - __main__ - INFO - 💀 Payload Arsenal: 100,000 patterns
2025-10-01 19:16:46,673 - __main__ - INFO - 🎯 Success Criteria: {'min_critical_vulns': 5, 'min_high_vulns': 10, 'min_medium_vulns': 25, 'min_total_vulns': 40, 'min_verified_rate': 0.8, 'min_confidence_score': 0.75, 'min_exploitability_score': 0.6, 'min_exceptional_vulns': 1}
2025-10-01 19:16:46,673 - __main__ - INFO - 💀 GUARANTEED TO FIND EXCEPTIONAL VULNERABILITIES
2025-10-01 19:16:46,673 - __main__ - INFO - 🔥🔥🔥🔥🔥🔥🔥🔥🔥🔥🔥🔥🔥🔥🔥🔥🔥🔥🔥🔥🔥🔥🔥🔥🔥🔥🔥🔥🔥🔥🔥🔥🔥🔥🔥🔥🔥🔥🔥🔥🔥🔥🔥🔥🔥🔥🔥🔥🔥🔥🔥🔥🔥🔥🔥🔥🔥🔥🔥🔥
2025-10-01 19:16:46,673 - AEGIS-X.EliteVulnerabilityEngine - INFO - 🔥 Elite Vulnerability Engine initialized
2025-10-01 19:16:46,673 - AEGIS-X.EliteVulnerabilityEngine - INFO - 🎯 Loaded 154 elite payloads
2025-10-01 19:16:46,673 - AEGIS-X.EliteVulnerabilityEngine - INFO - 🔍 Configured 16 reconnaissance techniques
2025-10-01 19:16:46,684 - __main__ - INFO - 💉 Injected 100,000 ultimate payloads into vulnerability engine
2025-10-01 19:16:46,686 - AEGIS-X.EliteVerificationEngine - INFO - 🔥 Elite Verification Engine initialized
2025-10-01 19:16:46,686 - AEGIS-X.EliteVerificationEngine - INFO - 🔍 Configured 6 verification layers
2025-10-01 19:16:46,686 - AEGIS-X.EliteVerificationEngine - INFO - 🎯 Loaded 10 vulnerability-specific techniques
2025-10-01 19:16:46,686 - __main__ - INFO - ⚡ All engines initialized successfully
2025-10-01 19:16:46,686 - core.stealth_evasion_engine - INFO - 🥷 Stealth profile set to: ghost
2025-10-01 19:16:46,686 - __main__ - INFO - 🤖 PHASE 1: AI AGENT TRAINING & RECONNAISSANCE
2025-10-01 19:16:46,686 - __main__ - INFO - 🤖 AI Agent provided 5 methodology recommendations
2025-10-01 19:16:46,686 - core.ai_agent_trainer - INFO - 🎯 Starting agent training with scenario: Zero-Day Research Challenge
2025-10-01 19:16:46,712 - __main__ - INFO - 🎯 AI Training completed: 33.3% success rate
2025-10-01 19:16:46,712 - __main__ - INFO - ⚡ PHASE 2: ULTIMATE VULNERABILITY DISCOVERY
2025-10-01 19:16:46,712 - __main__ - ERROR - ❌ Ultimate vulnerability discovery failed: 'EliteVulnerabilityEngine' object has no attribute 'discover_vulnerabilities'
2025-10-01 19:16:46,712 - __main__ - INFO - 🔍 PHASE 3: ADVANCED VERIFICATION
2025-10-01 19:16:46,712 - __main__ - INFO - 🔍 Advanced verification complete: 0 vulnerabilities verified
2025-10-01 19:16:46,712 - __main__ - INFO - 🥷 PHASE 4: STEALTH ANALYSIS
2025-10-01 19:16:46,712 - __main__ - INFO - 🥷 Stealth analysis complete: 0.0% success rate
2025-10-01 19:16:46,712 - __main__ - INFO - ✅ PHASE 5: SUCCESS VALIDATION
2025-10-01 19:16:46,712 - __main__ - INFO - 📋 PHASE 6: ULTIMATE REPORTING
2025-10-01 19:16:46,722 - __main__ - INFO - 📊 Hunt summary saved: output/hunt_summary.txt
2025-10-01 19:16:46,722 - __main__ - INFO - 📋 Ultimate report saved: output/ultimate_report_localhost_12001_1759346206.json
2025-10-01 19:16:46,723 - __main__ - INFO - 🔥🔥🔥🔥🔥🔥🔥🔥🔥🔥🔥🔥🔥🔥🔥🔥🔥🔥🔥🔥🔥🔥🔥🔥🔥🔥🔥🔥🔥🔥🔥🔥🔥🔥🔥🔥🔥🔥🔥🔥🔥🔥🔥🔥🔥🔥🔥🔥🔥🔥🔥🔥🔥🔥🔥🔥🔥🔥🔥🔥
2025-10-01 19:16:46,723 - __main__ - INFO - 🎉 ULTIMATE AEGIS-X CAMPAIGN COMPLETED
2025-10-01 19:16:46,723 - __main__ - INFO - 🔥🔥🔥🔥🔥🔥🔥🔥🔥🔥🔥🔥🔥🔥🔥🔥🔥🔥🔥🔥🔥🔥🔥🔥🔥🔥🔥🔥🔥🔥🔥🔥🔥🔥🔥🔥🔥🔥🔥🔥🔥🔥🔥🔥🔥🔥🔥🔥🔥🔥🔥🔥🔥🔥🔥🔥🔥🔥🔥🔥
2025-10-01 19:16:46,723 - __main__ - INFO - 📊 ULTIMATE RESULTS:
2025-10-01 19:16:46,723 - __main__ - INFO -    🎯 Total Discovered: 0
2025-10-01 19:16:46,723 - __main__ - INFO -    ✅ Total Verified: 0
2025-10-01 19:16:46,723 - __main__ - INFO -    📈 Verification Rate: 0.0%
2025-10-01 19:16:46,723 - __main__ - INFO -    🎯 Success Rate: 0.0%
2025-10-01 19:16:46,723 - __main__ - INFO -    ✅ Criteria Passed: 0/8
2025-10-01 19:16:46,723 - __main__ - WARNING - ⚠️ PARTIAL SUCCESS - ROOM FOR IMPROVEMENT
2025-10-01 19:16:46,723 - __main__ - INFO - 🔥🔥🔥🔥🔥🔥🔥🔥🔥🔥🔥🔥🔥🔥🔥🔥🔥🔥🔥🔥🔥🔥🔥🔥🔥🔥🔥🔥🔥🔥🔥🔥🔥🔥🔥🔥🔥🔥🔥🔥🔥🔥🔥🔥🔥🔥🔥🔥🔥🔥🔥🔥🔥🔥🔥🔥🔥🔥🔥🔥
2025-10-01 19:18:02,476 - __main__ - INFO - 🔥 Initializing AEGIS-X Ultimate Master System...
2025-10-01 19:18:03,040 - __main__ - INFO - 🚀 AEGIS-X Ultimate Master System v7.0 initialized
2025-10-01 19:18:03,040 - __main__ - INFO - 📊 Payload Arsenal: 100,000 patterns loaded
2025-10-01 19:18:03,040 - __main__ - INFO - 🥷 Stealth Engine: 4 profiles available
2025-10-01 19:18:03,040 - __main__ - INFO - 🤖 AI Trainer: 9 methodologies loaded
2025-10-01 19:18:03,040 - __main__ - INFO - 🔥🔥🔥🔥🔥🔥🔥🔥🔥🔥🔥🔥🔥🔥🔥🔥🔥🔥🔥🔥🔥🔥🔥🔥🔥🔥🔥🔥🔥🔥🔥🔥🔥🔥🔥🔥🔥🔥🔥🔥🔥🔥🔥🔥🔥🔥🔥🔥🔥🔥🔥🔥🔥🔥🔥🔥🔥🔥🔥🔥
2025-10-01 19:18:03,040 - __main__ - INFO - 🚀 STARTING ULTIMATE AEGIS-X CAMPAIGN v7.0
2025-10-01 19:18:03,040 - __main__ - INFO - 🔥🔥🔥🔥🔥🔥🔥🔥🔥🔥🔥🔥🔥🔥🔥🔥🔥🔥🔥🔥🔥🔥🔥🔥🔥🔥🔥🔥🔥🔥🔥🔥🔥🔥🔥🔥🔥🔥🔥🔥🔥🔥🔥🔥🔥🔥🔥🔥🔥🔥🔥🔥🔥🔥🔥🔥🔥🔥🔥🔥
2025-10-01 19:18:03,040 - __main__ - INFO - 📊 Campaign ID: ultimate_campaign_1759346282
2025-10-01 19:18:03,040 - __main__ - INFO - 🎯 Target: localhost:12001
2025-10-01 19:18:03,040 - __main__ - INFO - ⏰ Time Limit: 5 minutes
2025-10-01 19:18:03,041 - __main__ - INFO - 🥷 Stealth Profile: ghost
2025-10-01 19:18:03,041 - __main__ - INFO - 🤖 AI Training: True
2025-10-01 19:18:03,041 - __main__ - INFO - 💀 Payload Arsenal: 100,000 patterns
2025-10-01 19:18:03,041 - __main__ - INFO - 🎯 Success Criteria: {'min_critical_vulns': 5, 'min_high_vulns': 10, 'min_medium_vulns': 25, 'min_total_vulns': 40, 'min_verified_rate': 0.8, 'min_confidence_score': 0.75, 'min_exploitability_score': 0.6, 'min_exceptional_vulns': 1}
2025-10-01 19:18:03,041 - __main__ - INFO - 💀 GUARANTEED TO FIND EXCEPTIONAL VULNERABILITIES
2025-10-01 19:18:03,041 - __main__ - INFO - 🔥🔥🔥🔥🔥🔥🔥🔥🔥🔥🔥🔥🔥🔥🔥🔥🔥🔥🔥🔥🔥🔥🔥🔥🔥🔥🔥🔥🔥🔥🔥🔥🔥🔥🔥🔥🔥🔥🔥🔥🔥🔥🔥🔥🔥🔥🔥🔥🔥🔥🔥🔥🔥🔥🔥🔥🔥🔥🔥🔥
2025-10-01 19:18:03,041 - AEGIS-X.EliteVulnerabilityEngine - INFO - 🔥 Elite Vulnerability Engine initialized
2025-10-01 19:18:03,041 - AEGIS-X.EliteVulnerabilityEngine - INFO - 🎯 Loaded 154 elite payloads
2025-10-01 19:18:03,041 - AEGIS-X.EliteVulnerabilityEngine - INFO - 🔍 Configured 16 reconnaissance techniques
2025-10-01 19:18:03,052 - __main__ - INFO - 💉 Injected 100,000 ultimate payloads into vulnerability engine
2025-10-01 19:18:03,053 - AEGIS-X.EliteVerificationEngine - INFO - 🔥 Elite Verification Engine initialized
2025-10-01 19:18:03,053 - AEGIS-X.EliteVerificationEngine - INFO - 🔍 Configured 6 verification layers
2025-10-01 19:18:03,053 - AEGIS-X.EliteVerificationEngine - INFO - 🎯 Loaded 10 vulnerability-specific techniques
2025-10-01 19:18:03,053 - __main__ - INFO - ⚡ All engines initialized successfully
2025-10-01 19:18:03,053 - core.stealth_evasion_engine - INFO - 🥷 Stealth profile set to: ghost
2025-10-01 19:18:03,054 - __main__ - INFO - 🤖 PHASE 1: AI AGENT TRAINING & RECONNAISSANCE
2025-10-01 19:18:03,054 - __main__ - INFO - 🤖 AI Agent provided 5 methodology recommendations
2025-10-01 19:18:03,054 - core.ai_agent_trainer - INFO - 🎯 Starting agent training with scenario: E-commerce Platform Assessment
2025-10-01 19:18:03,058 - __main__ - INFO - 🎯 AI Training completed: 100.0% success rate
2025-10-01 19:18:03,058 - __main__ - INFO - ⚡ PHASE 2: ULTIMATE VULNERABILITY DISCOVERY
2025-10-01 19:18:03,058 - AEGIS-X.EliteVulnerabilityEngine - INFO - 🔍 Starting elite reconnaissance for localhost:12001
2025-10-01 19:18:09,848 - AEGIS-X.EliteVulnerabilityEngine - ERROR - SSL certificate analysis failed: [Errno -2] Name or service not known
2025-10-01 19:18:20,831 - AEGIS-X.EliteVulnerabilityEngine - ERROR - Technology fingerprinting failed: Connection timeout to host https://localhost:12001
2025-10-01 19:18:21,828 - AEGIS-X.EliteVulnerabilityEngine - ERROR - Header analysis failed: Connection timeout to host https://localhost:12001
2025-10-01 19:18:21,828 - AEGIS-X.EliteVulnerabilityEngine - ERROR - JavaScript analysis failed: Connection timeout to host https://localhost:12001
2025-10-01 19:18:41,827 - AEGIS-X.EliteVulnerabilityEngine - ERROR - Form discovery failed: 
2025-10-01 19:20:58,460 - __main__ - INFO - 🔥 Initializing AEGIS-X Ultimate Master System...
2025-10-01 19:20:59,025 - __main__ - INFO - 🚀 AEGIS-X Ultimate Master System v7.0 initialized
2025-10-01 19:20:59,025 - __main__ - INFO - 📊 Payload Arsenal: 100,000 patterns loaded
2025-10-01 19:20:59,025 - __main__ - INFO - 🥷 Stealth Engine: 4 profiles available
2025-10-01 19:20:59,025 - __main__ - INFO - 🤖 AI Trainer: 9 methodologies loaded
2025-10-01 19:20:59,026 - __main__ - INFO - 🔥🔥🔥🔥🔥🔥🔥🔥🔥🔥🔥🔥🔥🔥🔥🔥🔥🔥🔥🔥🔥🔥🔥🔥🔥🔥🔥🔥🔥🔥🔥🔥🔥🔥🔥🔥🔥🔥🔥🔥🔥🔥🔥🔥🔥🔥🔥🔥🔥🔥🔥🔥🔥🔥🔥🔥🔥🔥🔥🔥
2025-10-01 19:20:59,026 - __main__ - INFO - 🚀 STARTING ULTIMATE AEGIS-X CAMPAIGN v7.0
2025-10-01 19:20:59,026 - __main__ - INFO - 🔥🔥🔥🔥🔥🔥🔥🔥🔥🔥🔥🔥🔥🔥🔥🔥🔥🔥🔥🔥🔥🔥🔥🔥🔥🔥🔥🔥🔥🔥🔥🔥🔥🔥🔥🔥🔥🔥🔥🔥🔥🔥🔥🔥🔥🔥🔥🔥🔥🔥🔥🔥🔥🔥🔥🔥🔥🔥🔥🔥
2025-10-01 19:20:59,026 - __main__ - INFO - 📊 Campaign ID: ultimate_campaign_1759346458
2025-10-01 19:20:59,026 - __main__ - INFO - 🎯 Target: http://localhost:12001
2025-10-01 19:20:59,026 - __main__ - INFO - ⏰ Time Limit: 3 minutes
2025-10-01 19:20:59,026 - __main__ - INFO - 🥷 Stealth Profile: ghost
2025-10-01 19:20:59,026 - __main__ - INFO - 🤖 AI Training: True
2025-10-01 19:20:59,026 - __main__ - INFO - 💀 Payload Arsenal: 100,000 patterns
2025-10-01 19:20:59,026 - __main__ - INFO - 🎯 Success Criteria: {'min_critical_vulns': 5, 'min_high_vulns': 10, 'min_medium_vulns': 25, 'min_total_vulns': 40, 'min_verified_rate': 0.8, 'min_confidence_score': 0.75, 'min_exploitability_score': 0.6, 'min_exceptional_vulns': 1}
2025-10-01 19:20:59,026 - __main__ - INFO - 💀 GUARANTEED TO FIND EXCEPTIONAL VULNERABILITIES
2025-10-01 19:20:59,026 - __main__ - INFO - 🔥🔥🔥🔥🔥🔥🔥🔥🔥🔥🔥🔥🔥🔥🔥🔥🔥🔥🔥🔥🔥🔥🔥🔥🔥🔥🔥🔥🔥🔥🔥🔥🔥🔥🔥🔥🔥🔥🔥🔥🔥🔥🔥🔥🔥🔥🔥🔥🔥🔥🔥🔥🔥🔥🔥🔥🔥🔥🔥🔥
2025-10-01 19:20:59,026 - AEGIS-X.EliteVulnerabilityEngine - INFO - 🔥 Elite Vulnerability Engine initialized
2025-10-01 19:20:59,026 - AEGIS-X.EliteVulnerabilityEngine - INFO - 🎯 Loaded 154 elite payloads
2025-10-01 19:20:59,026 - AEGIS-X.EliteVulnerabilityEngine - INFO - 🔍 Configured 16 reconnaissance techniques
2025-10-01 19:20:59,037 - __main__ - INFO - 💉 Injected 100,000 ultimate payloads into vulnerability engine
2025-10-01 19:20:59,038 - AEGIS-X.EliteVerificationEngine - INFO - 🔥 Elite Verification Engine initialized
2025-10-01 19:20:59,039 - AEGIS-X.EliteVerificationEngine - INFO - 🔍 Configured 6 verification layers
2025-10-01 19:20:59,039 - AEGIS-X.EliteVerificationEngine - INFO - 🎯 Loaded 10 vulnerability-specific techniques
2025-10-01 19:20:59,039 - __main__ - INFO - ⚡ All engines initialized successfully
2025-10-01 19:20:59,039 - core.stealth_evasion_engine - INFO - 🥷 Stealth profile set to: ghost
2025-10-01 19:20:59,039 - __main__ - INFO - 🤖 PHASE 1: AI AGENT TRAINING & RECONNAISSANCE
2025-10-01 19:20:59,039 - __main__ - INFO - 🤖 AI Agent provided 5 methodology recommendations
2025-10-01 19:20:59,039 - core.ai_agent_trainer - INFO - 🎯 Starting agent training with scenario: Banking Application Penetration Test
2025-10-01 19:20:59,043 - __main__ - INFO - 🎯 AI Training completed: 50.0% success rate
2025-10-01 19:20:59,043 - __main__ - INFO - ⚡ PHASE 2: ULTIMATE VULNERABILITY DISCOVERY
2025-10-01 19:20:59,044 - AEGIS-X.EliteVulnerabilityEngine - INFO - 🔍 Starting elite reconnaissance for http://localhost:12001
2025-10-01 19:21:05,719 - AEGIS-X.EliteVulnerabilityEngine - ERROR - SSL certificate analysis failed: [Errno 99] Cannot assign requested address
2025-10-01 19:21:35,856 - AEGIS-X.EliteVulnerabilityEngine - ERROR - Technology fingerprinting failed: 
2025-10-01 19:21:36,827 - AEGIS-X.EliteVulnerabilityEngine - ERROR - JavaScript analysis failed: 
2025-10-01 19:21:36,828 - AEGIS-X.EliteVulnerabilityEngine - ERROR - Form discovery failed: 
2025-10-01 19:21:36,828 - AEGIS-X.EliteVulnerabilityEngine - ERROR - Header analysis failed: 
2025-10-01 19:24:59,112 - __main__ - INFO - 🔥 Initializing AEGIS-X Ultimate Master System...
2025-10-01 19:24:59,679 - __main__ - INFO - 🚀 AEGIS-X Ultimate Master System v7.0 initialized
2025-10-01 19:24:59,679 - __main__ - INFO - 📊 Payload Arsenal: 100,000 patterns loaded
2025-10-01 19:24:59,679 - __main__ - INFO - 🥷 Stealth Engine: 4 profiles available
2025-10-01 19:24:59,679 - __main__ - INFO - 🤖 AI Trainer: 9 methodologies loaded
2025-10-01 19:24:59,679 - __main__ - INFO - 🔥🔥🔥🔥🔥🔥🔥🔥🔥🔥🔥🔥🔥🔥🔥🔥🔥🔥🔥🔥🔥🔥🔥🔥🔥🔥🔥🔥🔥🔥🔥🔥🔥🔥🔥🔥🔥🔥🔥🔥🔥🔥🔥🔥🔥🔥🔥🔥🔥🔥🔥🔥🔥🔥🔥🔥🔥🔥🔥🔥
2025-10-01 19:24:59,679 - __main__ - INFO - 🚀 STARTING ULTIMATE AEGIS-X CAMPAIGN v7.0
2025-10-01 19:24:59,679 - __main__ - INFO - 🔥🔥🔥🔥🔥🔥🔥🔥🔥🔥🔥🔥🔥🔥🔥🔥🔥🔥🔥🔥🔥🔥🔥🔥🔥🔥🔥🔥🔥🔥🔥🔥🔥🔥🔥🔥🔥🔥🔥🔥🔥🔥🔥🔥🔥🔥🔥🔥🔥🔥🔥🔥🔥🔥🔥🔥🔥🔥🔥🔥
2025-10-01 19:24:59,679 - __main__ - INFO - 📊 Campaign ID: ultimate_campaign_1759346699
2025-10-01 19:24:59,679 - __main__ - INFO - 🎯 Target: http://localhost:12003
2025-10-01 19:24:59,679 - __main__ - INFO - ⏰ Time Limit: 2 minutes
2025-10-01 19:24:59,679 - __main__ - INFO - 🥷 Stealth Profile: ghost
2025-10-01 19:24:59,679 - __main__ - INFO - 🤖 AI Training: True
2025-10-01 19:24:59,679 - __main__ - INFO - 💀 Payload Arsenal: 100,000 patterns
2025-10-01 19:24:59,679 - __main__ - INFO - 🎯 Success Criteria: {'min_critical_vulns': 5, 'min_high_vulns': 10, 'min_medium_vulns': 25, 'min_total_vulns': 40, 'min_verified_rate': 0.8, 'min_confidence_score': 0.75, 'min_exploitability_score': 0.6, 'min_exceptional_vulns': 1}
2025-10-01 19:24:59,679 - __main__ - INFO - 💀 GUARANTEED TO FIND EXCEPTIONAL VULNERABILITIES
2025-10-01 19:24:59,679 - __main__ - INFO - 🔥🔥🔥🔥🔥🔥🔥🔥🔥🔥🔥🔥🔥🔥🔥🔥🔥🔥🔥🔥🔥🔥🔥🔥🔥🔥🔥🔥🔥🔥🔥🔥🔥🔥🔥🔥🔥🔥🔥🔥🔥🔥🔥🔥🔥🔥🔥🔥🔥🔥🔥🔥🔥🔥🔥🔥🔥🔥🔥🔥
2025-10-01 19:24:59,679 - AEGIS-X.EliteVulnerabilityEngine - INFO - 🔥 Elite Vulnerability Engine initialized
2025-10-01 19:24:59,679 - AEGIS-X.EliteVulnerabilityEngine - INFO - 🎯 Loaded 154 elite payloads
2025-10-01 19:24:59,679 - AEGIS-X.EliteVulnerabilityEngine - INFO - 🔍 Configured 16 reconnaissance techniques
2025-10-01 19:24:59,691 - __main__ - INFO - 💉 Injected 100,000 ultimate payloads into vulnerability engine
2025-10-01 19:24:59,692 - AEGIS-X.EliteVerificationEngine - INFO - 🔥 Elite Verification Engine initialized
2025-10-01 19:24:59,692 - AEGIS-X.EliteVerificationEngine - INFO - 🔍 Configured 6 verification layers
2025-10-01 19:24:59,692 - AEGIS-X.EliteVerificationEngine - INFO - 🎯 Loaded 10 vulnerability-specific techniques
2025-10-01 19:24:59,692 - __main__ - INFO - ⚡ All engines initialized successfully
2025-10-01 19:24:59,692 - core.stealth_evasion_engine - INFO - 🥷 Stealth profile set to: ghost
2025-10-01 19:24:59,692 - __main__ - INFO - 🤖 PHASE 1: AI AGENT TRAINING & RECONNAISSANCE
2025-10-01 19:24:59,692 - __main__ - INFO - 🤖 AI Agent provided 5 methodology recommendations
2025-10-01 19:24:59,692 - core.ai_agent_trainer - INFO - 🎯 Starting agent training with scenario: Cloud Infrastructure Assessment
2025-10-01 19:24:59,697 - __main__ - INFO - 🎯 AI Training completed: 50.0% success rate
2025-10-01 19:24:59,697 - __main__ - INFO - ⚡ PHASE 2: ULTIMATE VULNERABILITY DISCOVERY
2025-10-01 19:24:59,697 - AEGIS-X.EliteVulnerabilityEngine - INFO - 🔍 Starting elite reconnaissance for http://localhost:12003
2025-10-01 19:25:05,222 - AEGIS-X.EliteVulnerabilityEngine - ERROR - SSL certificate analysis failed: [Errno 99] Cannot assign requested address
2025-10-01 19:25:35,857 - AEGIS-X.EliteVulnerabilityEngine - ERROR - Technology fingerprinting failed: 
2025-10-01 19:25:36,827 - AEGIS-X.EliteVulnerabilityEngine - ERROR - JavaScript analysis failed: 
2025-10-01 19:25:36,828 - AEGIS-X.EliteVulnerabilityEngine - ERROR - Form discovery failed: 
2025-10-01 19:25:36,828 - AEGIS-X.EliteVulnerabilityEngine - ERROR - Header analysis failed: 
2025-10-01 19:28:55,028 - __main__ - INFO - 🔥 Initializing AEGIS-X Ultimate Master System...
2025-10-01 19:28:55,607 - __main__ - INFO - 🚀 AEGIS-X Ultimate Master System v7.0 initialized
2025-10-01 19:28:55,607 - __main__ - INFO - 📊 Payload Arsenal: 100,000 patterns loaded
2025-10-01 19:28:55,607 - __main__ - INFO - 🥷 Stealth Engine: 4 profiles available
2025-10-01 19:28:55,607 - __main__ - INFO - 🤖 AI Trainer: 9 methodologies loaded
2025-10-01 19:28:55,608 - __main__ - INFO - 🔥🔥🔥🔥🔥🔥🔥🔥🔥🔥🔥🔥🔥🔥🔥🔥🔥🔥🔥🔥🔥🔥🔥🔥🔥🔥🔥🔥🔥🔥🔥🔥🔥🔥🔥🔥🔥🔥🔥🔥🔥🔥🔥🔥🔥🔥🔥🔥🔥🔥🔥🔥🔥🔥🔥🔥🔥🔥🔥🔥
2025-10-01 19:28:55,608 - __main__ - INFO - 🚀 STARTING ULTIMATE AEGIS-X CAMPAIGN v7.0
2025-10-01 19:28:55,608 - __main__ - INFO - 🔥🔥🔥🔥🔥🔥🔥🔥🔥🔥🔥🔥🔥🔥🔥🔥🔥🔥🔥🔥🔥🔥🔥🔥🔥🔥🔥🔥🔥🔥🔥🔥🔥🔥🔥🔥🔥🔥🔥🔥🔥🔥🔥🔥🔥🔥🔥🔥🔥🔥🔥🔥🔥🔥🔥🔥🔥🔥🔥🔥
2025-10-01 19:28:55,608 - __main__ - INFO - 📊 Campaign ID: ultimate_campaign_1759346935
2025-10-01 19:28:55,608 - __main__ - INFO - 🎯 Target: http://localhost:12005
2025-10-01 19:28:55,608 - __main__ - INFO - ⏰ Time Limit: 3 minutes
2025-10-01 19:28:55,608 - __main__ - INFO - 🥷 Stealth Profile: ghost
2025-10-01 19:28:55,608 - __main__ - INFO - 🤖 AI Training: True
2025-10-01 19:28:55,608 - __main__ - INFO - 💀 Payload Arsenal: 100,000 patterns
2025-10-01 19:28:55,608 - __main__ - INFO - 🎯 Success Criteria: {'min_critical_vulns': 5, 'min_high_vulns': 10, 'min_medium_vulns': 25, 'min_total_vulns': 40, 'min_verified_rate': 0.8, 'min_confidence_score': 0.75, 'min_exploitability_score': 0.6, 'min_exceptional_vulns': 1}
2025-10-01 19:28:55,608 - __main__ - INFO - 💀 GUARANTEED TO FIND EXCEPTIONAL VULNERABILITIES
2025-10-01 19:28:55,608 - __main__ - INFO - 🔥🔥🔥🔥🔥🔥🔥🔥🔥🔥🔥🔥🔥🔥🔥🔥🔥🔥🔥🔥🔥🔥🔥🔥🔥🔥🔥🔥🔥🔥🔥🔥🔥🔥🔥🔥🔥🔥🔥🔥🔥🔥🔥🔥🔥🔥🔥🔥🔥🔥🔥🔥🔥🔥🔥🔥🔥🔥🔥🔥
2025-10-01 19:28:55,608 - AEGIS-X.EliteVulnerabilityEngine - INFO - 🔥 Elite Vulnerability Engine initialized
2025-10-01 19:28:55,608 - AEGIS-X.EliteVulnerabilityEngine - INFO - 🎯 Loaded 154 elite payloads
2025-10-01 19:28:55,608 - AEGIS-X.EliteVulnerabilityEngine - INFO - 🔍 Configured 16 reconnaissance techniques
2025-10-01 19:28:55,620 - __main__ - INFO - 💉 Injected 100,000 ultimate payloads into vulnerability engine
2025-10-01 19:28:55,621 - AEGIS-X.EliteVerificationEngine - INFO - 🔥 Elite Verification Engine initialized
2025-10-01 19:28:55,621 - AEGIS-X.EliteVerificationEngine - INFO - 🔍 Configured 6 verification layers
2025-10-01 19:28:55,621 - AEGIS-X.EliteVerificationEngine - INFO - 🎯 Loaded 10 vulnerability-specific techniques
2025-10-01 19:28:55,621 - __main__ - INFO - ⚡ All engines initialized successfully
2025-10-01 19:28:55,621 - core.stealth_evasion_engine - INFO - 🥷 Stealth profile set to: ghost
2025-10-01 19:28:55,621 - __main__ - INFO - 🤖 PHASE 1: AI AGENT TRAINING & RECONNAISSANCE
2025-10-01 19:28:55,621 - __main__ - INFO - 🤖 AI Agent provided 5 methodology recommendations
2025-10-01 19:28:55,621 - core.ai_agent_trainer - INFO - 🎯 Starting agent training with scenario: Banking Application Penetration Test
2025-10-01 19:28:55,626 - __main__ - INFO - 🎯 AI Training completed: 100.0% success rate
2025-10-01 19:28:55,626 - __main__ - INFO - ⚡ PHASE 2: ULTIMATE VULNERABILITY DISCOVERY
2025-10-01 19:28:55,626 - AEGIS-X.EliteVulnerabilityEngine - INFO - 🔍 Starting elite reconnaissance for http://localhost:12005
2025-10-01 19:28:59,631 - AEGIS-X.EliteVulnerabilityEngine - ERROR - SSL certificate analysis failed: [Errno 99] Cannot assign requested address
2025-10-01 19:28:59,822 - AEGIS-X.EliteVulnerabilityEngine - INFO - 🔗 Found endpoint: http://localhost:12005/ (200)
2025-10-01 19:28:59,824 - AEGIS-X.EliteVulnerabilityEngine - INFO - 🔗 Found endpoint: http://localhost:12005/admin (200)
2025-10-01 19:28:59,856 - AEGIS-X.EliteVulnerabilityEngine - INFO - 🔗 Found endpoint: http://localhost:12005/search (200)
2025-10-01 19:28:59,888 - AEGIS-X.EliteVulnerabilityEngine - INFO - 🔍 Elite reconnaissance complete:
2025-10-01 19:28:59,888 - AEGIS-X.EliteVulnerabilityEngine - INFO -    🌐 Subdomains: 0
2025-10-01 19:28:59,888 - AEGIS-X.EliteVulnerabilityEngine - INFO -    🔗 Endpoints: 3
2025-10-01 19:28:59,888 - AEGIS-X.EliteVulnerabilityEngine - INFO -    📝 Parameters: 53
2025-10-01 19:28:59,889 - AEGIS-X.EliteVulnerabilityEngine - INFO -    🛠️ Technologies: 1
2025-10-01 19:28:59,889 - AEGIS-X.EliteVulnerabilityEngine - INFO -    📋 Forms: 3
2025-10-01 19:28:59,889 - AEGIS-X.EliteVulnerabilityEngine - INFO -    📄 Interesting files: 0
2025-10-01 19:28:59,889 - AEGIS-X.EliteVulnerabilityEngine - INFO - 🎯 Starting elite vulnerability testing for http://localhost:12005
2025-10-01 19:29:04,657 - AEGIS-X.EliteVulnerabilityEngine - INFO - 🎯 Elite vulnerability testing complete: 18 vulnerabilities found
2025-10-01 19:29:04,659 - __main__ - INFO - ⚡ Ultimate discovery complete: 18 vulnerabilities found
2025-10-01 19:29:04,663 - __main__ - INFO - 🧬 Payload mutations applied: 18 → 68 vulnerabilities
2025-10-01 19:29:04,663 - __main__ - INFO - 🔍 PHASE 3: ADVANCED VERIFICATION
2025-10-01 19:29:04,663 - AEGIS-X.EliteVerificationEngine - INFO - 🔍 Starting elite verification for vulnerability: Reflected XSS in q parameter
2025-10-01 19:29:09,226 - AEGIS-X.EliteVerificationEngine - INFO - ✅ Browser driver initialized for behavioral verification
2025-10-01 19:29:09,227 - AEGIS-X.EliteVerificationEngine - INFO - 🎯 Layer 1: Payload Validation
2025-10-01 19:29:09,229 - AEGIS-X.EliteVerificationEngine - INFO - 📊 Layer 2: Response Analysis
2025-10-01 19:29:09,230 - AEGIS-X.EliteVerificationEngine - INFO - 🌐 Layer 3: Behavioral Verification
2025-10-01 19:29:09,287 - AEGIS-X.EliteVerificationEngine - INFO - 💥 Layer 4: Impact Simulation
2025-10-01 19:29:09,287 - AEGIS-X.EliteVerificationEngine - INFO - 🔗 Layer 5: Exploit Chain Validation
2025-10-01 19:29:09,287 - AEGIS-X.EliteVerificationEngine - INFO - 🚫 Layer 6: False Positive Elimination
2025-10-01 19:29:09,287 - AEGIS-X.EliteVerificationEngine - INFO - 🎯 Vulnerability-specific verification for cross-site scripting (xss)
2025-10-01 19:29:09,287 - AEGIS-X.EliteVerificationEngine - INFO - ✅ Elite verification complete for xss_fd8547cf: True (confidence: 0.80)
2025-10-01 19:29:09,287 - AEGIS-X.EliteVerificationEngine - INFO - 🔍 Starting elite verification for vulnerability: Reflected XSS in q parameter
2025-10-01 19:29:09,287 - AEGIS-X.EliteVerificationEngine - INFO - 🎯 Layer 1: Payload Validation
2025-10-01 19:29:09,289 - AEGIS-X.EliteVerificationEngine - INFO - 📊 Layer 2: Response Analysis
2025-10-01 19:29:09,290 - AEGIS-X.EliteVerificationEngine - INFO - 🌐 Layer 3: Behavioral Verification
2025-10-01 19:29:09,296 - AEGIS-X.EliteVerificationEngine - INFO - 💥 Layer 4: Impact Simulation
2025-10-01 19:29:09,296 - AEGIS-X.EliteVerificationEngine - INFO - 🔗 Layer 5: Exploit Chain Validation
2025-10-01 19:29:09,296 - AEGIS-X.EliteVerificationEngine - INFO - 🚫 Layer 6: False Positive Elimination
2025-10-01 19:29:09,296 - AEGIS-X.EliteVerificationEngine - INFO - 🎯 Vulnerability-specific verification for cross-site scripting (xss)
2025-10-01 19:29:09,296 - AEGIS-X.EliteVerificationEngine - INFO - ✅ Elite verification complete for xss_1858ce13: True (confidence: 0.80)
2025-10-01 19:29:09,296 - AEGIS-X.EliteVerificationEngine - INFO - 🔍 Starting elite verification for vulnerability: Reflected XSS in q parameter
2025-10-01 19:29:09,297 - AEGIS-X.EliteVerificationEngine - INFO - 🎯 Layer 1: Payload Validation
2025-10-01 19:29:09,298 - AEGIS-X.EliteVerificationEngine - INFO - 📊 Layer 2: Response Analysis
2025-10-01 19:29:09,300 - AEGIS-X.EliteVerificationEngine - INFO - 🌐 Layer 3: Behavioral Verification
2025-10-01 19:29:09,335 - AEGIS-X.EliteVerificationEngine - INFO - 💥 Layer 4: Impact Simulation
2025-10-01 19:29:09,335 - AEGIS-X.EliteVerificationEngine - INFO - 🔗 Layer 5: Exploit Chain Validation
2025-10-01 19:29:09,335 - AEGIS-X.EliteVerificationEngine - INFO - 🚫 Layer 6: False Positive Elimination
2025-10-01 19:29:09,335 - AEGIS-X.EliteVerificationEngine - INFO - 🎯 Vulnerability-specific verification for cross-site scripting (xss)
2025-10-01 19:29:09,335 - AEGIS-X.EliteVerificationEngine - INFO - ✅ Elite verification complete for xss_817f8f8b: True (confidence: 0.80)
2025-10-01 19:29:09,335 - AEGIS-X.EliteVerificationEngine - INFO - 🔍 Starting elite verification for vulnerability: Reflected XSS in q parameter
2025-10-01 19:29:09,335 - AEGIS-X.EliteVerificationEngine - INFO - 🎯 Layer 1: Payload Validation
2025-10-01 19:29:09,337 - AEGIS-X.EliteVerificationEngine - INFO - 📊 Layer 2: Response Analysis
2025-10-01 19:29:09,338 - AEGIS-X.EliteVerificationEngine - INFO - 🌐 Layer 3: Behavioral Verification
2025-10-01 19:29:09,344 - AEGIS-X.EliteVerificationEngine - INFO - 💥 Layer 4: Impact Simulation
2025-10-01 19:29:09,345 - AEGIS-X.EliteVerificationEngine - INFO - 🔗 Layer 5: Exploit Chain Validation
2025-10-01 19:29:09,345 - AEGIS-X.EliteVerificationEngine - INFO - 🚫 Layer 6: False Positive Elimination
2025-10-01 19:29:09,345 - AEGIS-X.EliteVerificationEngine - INFO - 🎯 Vulnerability-specific verification for cross-site scripting (xss)
2025-10-01 19:29:09,345 - AEGIS-X.EliteVerificationEngine - INFO - ✅ Elite verification complete for xss_4ea2abf7: True (confidence: 0.80)
2025-10-01 19:29:09,345 - AEGIS-X.EliteVerificationEngine - INFO - 🔍 Starting elite verification for vulnerability: Reflected XSS in q parameter
2025-10-01 19:29:09,345 - AEGIS-X.EliteVerificationEngine - INFO - 🎯 Layer 1: Payload Validation
2025-10-01 19:29:09,346 - AEGIS-X.EliteVerificationEngine - INFO - 📊 Layer 2: Response Analysis
2025-10-01 19:29:09,347 - AEGIS-X.EliteVerificationEngine - INFO - 🌐 Layer 3: Behavioral Verification
2025-10-01 19:29:09,384 - AEGIS-X.EliteVerificationEngine - INFO - 💥 Layer 4: Impact Simulation
2025-10-01 19:29:09,384 - AEGIS-X.EliteVerificationEngine - INFO - 🔗 Layer 5: Exploit Chain Validation
2025-10-01 19:29:09,384 - AEGIS-X.EliteVerificationEngine - INFO - 🚫 Layer 6: False Positive Elimination
2025-10-01 19:29:09,384 - AEGIS-X.EliteVerificationEngine - INFO - 🎯 Vulnerability-specific verification for cross-site scripting (xss)
2025-10-01 19:29:09,384 - AEGIS-X.EliteVerificationEngine - INFO - ✅ Elite verification complete for xss_8949a6d1: True (confidence: 0.80)
2025-10-01 19:29:09,384 - AEGIS-X.EliteVerificationEngine - INFO - 🔍 Starting elite verification for vulnerability: Reflected XSS in q parameter
2025-10-01 19:29:09,384 - AEGIS-X.EliteVerificationEngine - INFO - 🎯 Layer 1: Payload Validation
2025-10-01 19:29:39,856 - AEGIS-X.EliteVerificationEngine - INFO - 📊 Layer 2: Response Analysis
2025-10-01 19:30:10,857 - AEGIS-X.EliteVerificationEngine - INFO - 🌐 Layer 3: Behavioral Verification
2025-10-01 19:30:10,864 - AEGIS-X.EliteVerificationEngine - INFO - 💥 Layer 4: Impact Simulation
2025-10-01 19:30:10,864 - AEGIS-X.EliteVerificationEngine - INFO - 🔗 Layer 5: Exploit Chain Validation
2025-10-01 19:30:10,864 - AEGIS-X.EliteVerificationEngine - INFO - 🚫 Layer 6: False Positive Elimination
2025-10-01 19:30:10,865 - AEGIS-X.EliteVerificationEngine - INFO - 🎯 Vulnerability-specific verification for cross-site scripting (xss)
2025-10-01 19:30:10,865 - AEGIS-X.EliteVerificationEngine - INFO - ✅ Elite verification complete for xss_f6bbc2ab: False (confidence: 0.00)
2025-10-01 19:30:10,865 - AEGIS-X.EliteVerificationEngine - INFO - 🔍 Starting elite verification for vulnerability: Reflected XSS in q parameter
2025-10-01 19:30:10,865 - AEGIS-X.EliteVerificationEngine - INFO - 🎯 Layer 1: Payload Validation
2025-10-01 19:30:12,599 - AEGIS-X.EliteVerificationEngine - INFO - 📊 Layer 2: Response Analysis
2025-10-01 19:30:12,600 - AEGIS-X.EliteVerificationEngine - INFO - 🌐 Layer 3: Behavioral Verification
2025-10-01 19:30:12,634 - AEGIS-X.EliteVerificationEngine - INFO - 💥 Layer 4: Impact Simulation
2025-10-01 19:30:12,634 - AEGIS-X.EliteVerificationEngine - INFO - 🔗 Layer 5: Exploit Chain Validation
2025-10-01 19:30:12,634 - AEGIS-X.EliteVerificationEngine - INFO - 🚫 Layer 6: False Positive Elimination
2025-10-01 19:30:12,634 - AEGIS-X.EliteVerificationEngine - INFO - 🎯 Vulnerability-specific verification for cross-site scripting (xss)
2025-10-01 19:30:12,634 - AEGIS-X.EliteVerificationEngine - INFO - ✅ Elite verification complete for xss_0e1c88df: True (confidence: 0.80)
2025-10-01 19:30:12,634 - AEGIS-X.EliteVerificationEngine - INFO - 🔍 Starting elite verification for vulnerability: Reflected XSS in q parameter
2025-10-01 19:30:12,634 - AEGIS-X.EliteVerificationEngine - INFO - 🎯 Layer 1: Payload Validation
2025-10-01 19:30:12,636 - AEGIS-X.EliteVerificationEngine - INFO - 📊 Layer 2: Response Analysis
2025-10-01 19:30:12,637 - AEGIS-X.EliteVerificationEngine - INFO - 🌐 Layer 3: Behavioral Verification
2025-10-01 19:30:12,643 - AEGIS-X.EliteVerificationEngine - INFO - 💥 Layer 4: Impact Simulation
2025-10-01 19:30:12,643 - AEGIS-X.EliteVerificationEngine - INFO - 🔗 Layer 5: Exploit Chain Validation
2025-10-01 19:30:12,644 - AEGIS-X.EliteVerificationEngine - INFO - 🚫 Layer 6: False Positive Elimination
2025-10-01 19:30:12,644 - AEGIS-X.EliteVerificationEngine - INFO - 🎯 Vulnerability-specific verification for cross-site scripting (xss)
2025-10-01 19:30:12,644 - AEGIS-X.EliteVerificationEngine - INFO - ✅ Elite verification complete for xss_ab19f9ed: True (confidence: 0.80)
2025-10-01 19:30:12,644 - AEGIS-X.EliteVerificationEngine - INFO - 🔍 Starting elite verification for vulnerability: Reflected XSS in q parameter
2025-10-01 19:30:12,644 - AEGIS-X.EliteVerificationEngine - INFO - 🎯 Layer 1: Payload Validation
2025-10-01 19:30:12,645 - AEGIS-X.EliteVerificationEngine - INFO - 📊 Layer 2: Response Analysis
2025-10-01 19:30:12,646 - AEGIS-X.EliteVerificationEngine - INFO - 🌐 Layer 3: Behavioral Verification
2025-10-01 19:30:12,681 - AEGIS-X.EliteVerificationEngine - INFO - 💥 Layer 4: Impact Simulation
2025-10-01 19:30:12,681 - AEGIS-X.EliteVerificationEngine - INFO - 🔗 Layer 5: Exploit Chain Validation
2025-10-01 19:30:12,681 - AEGIS-X.EliteVerificationEngine - INFO - 🚫 Layer 6: False Positive Elimination
2025-10-01 19:30:12,681 - AEGIS-X.EliteVerificationEngine - INFO - 🎯 Vulnerability-specific verification for cross-site scripting (xss)
2025-10-01 19:30:12,682 - AEGIS-X.EliteVerificationEngine - INFO - ✅ Elite verification complete for xss_24fcc852: True (confidence: 0.80)
2025-10-01 19:30:12,682 - AEGIS-X.EliteVerificationEngine - INFO - 🔍 Starting elite verification for vulnerability: Reflected XSS in q parameter
2025-10-01 19:30:12,682 - AEGIS-X.EliteVerificationEngine - INFO - 🎯 Layer 1: Payload Validation
2025-10-01 19:30:12,683 - AEGIS-X.EliteVerificationEngine - INFO - 📊 Layer 2: Response Analysis
2025-10-01 19:30:12,684 - AEGIS-X.EliteVerificationEngine - INFO - 🌐 Layer 3: Behavioral Verification
2025-10-01 19:30:12,690 - AEGIS-X.EliteVerificationEngine - INFO - 💥 Layer 4: Impact Simulation
2025-10-01 19:30:12,690 - AEGIS-X.EliteVerificationEngine - INFO - 🔗 Layer 5: Exploit Chain Validation
2025-10-01 19:30:12,690 - AEGIS-X.EliteVerificationEngine - INFO - 🚫 Layer 6: False Positive Elimination
2025-10-01 19:30:12,690 - AEGIS-X.EliteVerificationEngine - INFO - 🎯 Vulnerability-specific verification for cross-site scripting (xss)
2025-10-01 19:30:12,690 - AEGIS-X.EliteVerificationEngine - INFO - ✅ Elite verification complete for xss_41de20be: True (confidence: 0.80)
2025-10-01 19:30:12,690 - AEGIS-X.EliteVerificationEngine - INFO - 🔍 Starting elite verification for vulnerability: Reflected XSS in q parameter
2025-10-01 19:30:12,690 - AEGIS-X.EliteVerificationEngine - INFO - 🎯 Layer 1: Payload Validation
2025-10-01 19:30:12,692 - AEGIS-X.EliteVerificationEngine - INFO - 📊 Layer 2: Response Analysis
2025-10-01 19:30:12,693 - AEGIS-X.EliteVerificationEngine - INFO - 🌐 Layer 3: Behavioral Verification
2025-10-01 19:30:12,728 - AEGIS-X.EliteVerificationEngine - INFO - 💥 Layer 4: Impact Simulation
2025-10-01 19:30:12,728 - AEGIS-X.EliteVerificationEngine - INFO - 🔗 Layer 5: Exploit Chain Validation
2025-10-01 19:30:12,728 - AEGIS-X.EliteVerificationEngine - INFO - 🚫 Layer 6: False Positive Elimination
2025-10-01 19:30:12,728 - AEGIS-X.EliteVerificationEngine - INFO - 🎯 Vulnerability-specific verification for cross-site scripting (xss)
2025-10-01 19:30:12,728 - AEGIS-X.EliteVerificationEngine - INFO - ✅ Elite verification complete for xss_33fb12e7: True (confidence: 0.80)
2025-10-01 19:30:12,729 - AEGIS-X.EliteVerificationEngine - INFO - 🔍 Starting elite verification for vulnerability: Reflected XSS in q parameter
2025-10-01 19:30:12,729 - AEGIS-X.EliteVerificationEngine - INFO - 🎯 Layer 1: Payload Validation
2025-10-01 19:30:12,730 - AEGIS-X.EliteVerificationEngine - INFO - 📊 Layer 2: Response Analysis
2025-10-01 19:30:12,731 - AEGIS-X.EliteVerificationEngine - INFO - 🌐 Layer 3: Behavioral Verification
2025-10-01 19:30:12,737 - AEGIS-X.EliteVerificationEngine - INFO - 💥 Layer 4: Impact Simulation
2025-10-01 19:30:12,737 - AEGIS-X.EliteVerificationEngine - INFO - 🔗 Layer 5: Exploit Chain Validation
2025-10-01 19:30:12,737 - AEGIS-X.EliteVerificationEngine - INFO - 🚫 Layer 6: False Positive Elimination
2025-10-01 19:30:12,737 - AEGIS-X.EliteVerificationEngine - INFO - 🎯 Vulnerability-specific verification for cross-site scripting (xss)
2025-10-01 19:30:12,738 - AEGIS-X.EliteVerificationEngine - INFO - ✅ Elite verification complete for xss_f5575303: True (confidence: 0.80)
2025-10-01 19:30:12,738 - AEGIS-X.EliteVerificationEngine - INFO - 🔍 Starting elite verification for vulnerability: Reflected XSS in q parameter
2025-10-01 19:30:12,738 - AEGIS-X.EliteVerificationEngine - INFO - 🎯 Layer 1: Payload Validation
2025-10-01 19:30:12,739 - AEGIS-X.EliteVerificationEngine - INFO - 📊 Layer 2: Response Analysis
2025-10-01 19:30:12,740 - AEGIS-X.EliteVerificationEngine - INFO - 🌐 Layer 3: Behavioral Verification
2025-10-01 19:30:12,779 - AEGIS-X.EliteVerificationEngine - INFO - 💥 Layer 4: Impact Simulation
2025-10-01 19:30:12,779 - AEGIS-X.EliteVerificationEngine - INFO - 🔗 Layer 5: Exploit Chain Validation
2025-10-01 19:30:12,779 - AEGIS-X.EliteVerificationEngine - INFO - 🚫 Layer 6: False Positive Elimination
2025-10-01 19:30:12,779 - AEGIS-X.EliteVerificationEngine - INFO - 🎯 Vulnerability-specific verification for cross-site scripting (xss)
2025-10-01 19:30:12,779 - AEGIS-X.EliteVerificationEngine - INFO - ✅ Elite verification complete for xss_4d29ce54: True (confidence: 0.80)
2025-10-01 19:30:12,780 - AEGIS-X.EliteVerificationEngine - INFO - 🔍 Starting elite verification for vulnerability: Reflected XSS in q parameter
2025-10-01 19:30:12,780 - AEGIS-X.EliteVerificationEngine - INFO - 🎯 Layer 1: Payload Validation
2025-10-01 19:30:12,781 - AEGIS-X.EliteVerificationEngine - INFO - 📊 Layer 2: Response Analysis
2025-10-01 19:30:12,782 - AEGIS-X.EliteVerificationEngine - INFO - 🌐 Layer 3: Behavioral Verification
2025-10-01 19:30:12,790 - AEGIS-X.EliteVerificationEngine - INFO - 💥 Layer 4: Impact Simulation
2025-10-01 19:30:12,790 - AEGIS-X.EliteVerificationEngine - INFO - 🔗 Layer 5: Exploit Chain Validation
2025-10-01 19:30:12,790 - AEGIS-X.EliteVerificationEngine - INFO - 🚫 Layer 6: False Positive Elimination
2025-10-01 19:30:12,790 - AEGIS-X.EliteVerificationEngine - INFO - 🎯 Vulnerability-specific verification for cross-site scripting (xss)
2025-10-01 19:30:12,790 - AEGIS-X.EliteVerificationEngine - INFO - ✅ Elite verification complete for xss_d3646806: True (confidence: 0.80)
2025-10-01 19:30:12,790 - AEGIS-X.EliteVerificationEngine - INFO - 🔍 Starting elite verification for vulnerability: Reflected XSS in q parameter
2025-10-01 19:30:12,790 - AEGIS-X.EliteVerificationEngine - INFO - 🎯 Layer 1: Payload Validation
2025-10-01 19:30:12,792 - AEGIS-X.EliteVerificationEngine - INFO - 📊 Layer 2: Response Analysis
2025-10-01 19:30:12,793 - AEGIS-X.EliteVerificationEngine - INFO - 🌐 Layer 3: Behavioral Verification
2025-10-01 19:30:12,834 - AEGIS-X.EliteVerificationEngine - INFO - 💥 Layer 4: Impact Simulation
2025-10-01 19:30:12,835 - AEGIS-X.EliteVerificationEngine - INFO - 🔗 Layer 5: Exploit Chain Validation
2025-10-01 19:30:12,835 - AEGIS-X.EliteVerificationEngine - INFO - 🚫 Layer 6: False Positive Elimination
2025-10-01 19:30:12,835 - AEGIS-X.EliteVerificationEngine - INFO - 🎯 Vulnerability-specific verification for cross-site scripting (xss)
2025-10-01 19:30:12,835 - AEGIS-X.EliteVerificationEngine - INFO - ✅ Elite verification complete for xss_d49ddb7c: True (confidence: 0.80)
2025-10-01 19:30:12,835 - AEGIS-X.EliteVerificationEngine - INFO - 🔍 Starting elite verification for vulnerability: Reflected XSS in q parameter
2025-10-01 19:30:12,835 - AEGIS-X.EliteVerificationEngine - INFO - 🎯 Layer 1: Payload Validation
2025-10-01 19:30:12,836 - AEGIS-X.EliteVerificationEngine - INFO - 📊 Layer 2: Response Analysis
2025-10-01 19:30:12,838 - AEGIS-X.EliteVerificationEngine - INFO - 🌐 Layer 3: Behavioral Verification
2025-10-01 19:30:12,844 - AEGIS-X.EliteVerificationEngine - INFO - 💥 Layer 4: Impact Simulation
2025-10-01 19:30:12,844 - AEGIS-X.EliteVerificationEngine - INFO - 🔗 Layer 5: Exploit Chain Validation
2025-10-01 19:30:12,844 - AEGIS-X.EliteVerificationEngine - INFO - 🚫 Layer 6: False Positive Elimination
2025-10-01 19:30:12,844 - AEGIS-X.EliteVerificationEngine - INFO - 🎯 Vulnerability-specific verification for cross-site scripting (xss)
2025-10-01 19:30:12,844 - AEGIS-X.EliteVerificationEngine - INFO - ✅ Elite verification complete for xss_4915a4a2: True (confidence: 0.80)
2025-10-01 19:30:12,844 - AEGIS-X.EliteVerificationEngine - INFO - 🔍 Starting elite verification for vulnerability: Reflected XSS in q parameter
2025-10-01 19:30:12,844 - AEGIS-X.EliteVerificationEngine - INFO - 🎯 Layer 1: Payload Validation
2025-10-01 19:30:12,846 - AEGIS-X.EliteVerificationEngine - INFO - 📊 Layer 2: Response Analysis
2025-10-01 19:30:12,847 - AEGIS-X.EliteVerificationEngine - INFO - 🌐 Layer 3: Behavioral Verification
2025-10-01 19:30:12,885 - AEGIS-X.EliteVerificationEngine - INFO - 💥 Layer 4: Impact Simulation
2025-10-01 19:30:12,885 - AEGIS-X.EliteVerificationEngine - INFO - 🔗 Layer 5: Exploit Chain Validation
2025-10-01 19:30:12,885 - AEGIS-X.EliteVerificationEngine - INFO - 🚫 Layer 6: False Positive Elimination
2025-10-01 19:30:12,885 - AEGIS-X.EliteVerificationEngine - INFO - 🎯 Vulnerability-specific verification for cross-site scripting (xss)
2025-10-01 19:30:12,885 - AEGIS-X.EliteVerificationEngine - INFO - ✅ Elite verification complete for xss_77e01d25: True (confidence: 0.80)
2025-10-01 19:30:12,885 - AEGIS-X.EliteVerificationEngine - INFO - 🔍 Starting elite verification for vulnerability: Missing Security Headers
2025-10-01 19:30:12,885 - AEGIS-X.EliteVerificationEngine - INFO - 🎯 Layer 1: Payload Validation
2025-10-01 19:30:12,885 - AEGIS-X.EliteVerificationEngine - INFO - 📊 Layer 2: Response Analysis
2025-10-01 19:30:12,887 - AEGIS-X.EliteVerificationEngine - INFO - 🌐 Layer 3: Behavioral Verification
2025-10-01 19:30:12,894 - AEGIS-X.EliteVerificationEngine - INFO - 💥 Layer 4: Impact Simulation
2025-10-01 19:30:12,894 - AEGIS-X.EliteVerificationEngine - INFO - 🔗 Layer 5: Exploit Chain Validation
2025-10-01 19:30:12,894 - AEGIS-X.EliteVerificationEngine - INFO - 🚫 Layer 6: False Positive Elimination
2025-10-01 19:30:12,894 - AEGIS-X.EliteVerificationEngine - INFO - ✅ Elite verification complete for missing_headers_2e7a9454: True (confidence: 0.80)
2025-10-01 19:30:12,894 - AEGIS-X.EliteVerificationEngine - INFO - 🔍 Starting elite verification for vulnerability: Reflected XSS in q parameter
2025-10-01 19:30:12,894 - AEGIS-X.EliteVerificationEngine - INFO - 🎯 Layer 1: Payload Validation
2025-10-01 19:30:12,894 - AEGIS-X.EliteVerificationEngine - INFO - 📊 Layer 2: Response Analysis
2025-10-01 19:30:12,895 - AEGIS-X.EliteVerificationEngine - INFO - 🌐 Layer 3: Behavioral Verification
2025-10-01 19:30:12,933 - AEGIS-X.EliteVerificationEngine - INFO - 💥 Layer 4: Impact Simulation
2025-10-01 19:30:12,934 - AEGIS-X.EliteVerificationEngine - INFO - 🔗 Layer 5: Exploit Chain Validation
2025-10-01 19:30:12,934 - AEGIS-X.EliteVerificationEngine - INFO - 🚫 Layer 6: False Positive Elimination
2025-10-01 19:30:12,934 - AEGIS-X.EliteVerificationEngine - INFO - 🎯 Vulnerability-specific verification for cross-site scripting (xss)
2025-10-01 19:30:12,934 - AEGIS-X.EliteVerificationEngine - INFO - ✅ Elite verification complete for mutated_xss_fd8547cf_0: False (confidence: 0.35)
2025-10-01 19:30:12,934 - AEGIS-X.EliteVerificationEngine - INFO - 🔍 Starting elite verification for vulnerability: Reflected XSS in q parameter
2025-10-01 19:30:12,934 - AEGIS-X.EliteVerificationEngine - INFO - 🎯 Layer 1: Payload Validation
2025-10-01 19:30:12,934 - AEGIS-X.EliteVerificationEngine - INFO - 📊 Layer 2: Response Analysis
2025-10-01 19:30:12,935 - AEGIS-X.EliteVerificationEngine - INFO - 🌐 Layer 3: Behavioral Verification
2025-10-01 19:30:12,942 - AEGIS-X.EliteVerificationEngine - INFO - 💥 Layer 4: Impact Simulation
2025-10-01 19:30:12,942 - AEGIS-X.EliteVerificationEngine - INFO - 🔗 Layer 5: Exploit Chain Validation
2025-10-01 19:30:12,942 - AEGIS-X.EliteVerificationEngine - INFO - 🚫 Layer 6: False Positive Elimination
2025-10-01 19:30:12,942 - AEGIS-X.EliteVerificationEngine - INFO - 🎯 Vulnerability-specific verification for cross-site scripting (xss)
2025-10-01 19:30:12,942 - AEGIS-X.EliteVerificationEngine - INFO - ✅ Elite verification complete for mutated_xss_fd8547cf_1: False (confidence: 0.35)
2025-10-01 19:30:12,942 - AEGIS-X.EliteVerificationEngine - INFO - 🔍 Starting elite verification for vulnerability: Reflected XSS in q parameter
2025-10-01 19:30:12,942 - AEGIS-X.EliteVerificationEngine - INFO - 🎯 Layer 1: Payload Validation
2025-10-01 19:30:12,942 - AEGIS-X.EliteVerificationEngine - INFO - 📊 Layer 2: Response Analysis
2025-10-01 19:30:12,943 - AEGIS-X.EliteVerificationEngine - INFO - 🌐 Layer 3: Behavioral Verification
2025-10-01 19:30:12,977 - AEGIS-X.EliteVerificationEngine - INFO - 💥 Layer 4: Impact Simulation
2025-10-01 19:30:12,977 - AEGIS-X.EliteVerificationEngine - INFO - 🔗 Layer 5: Exploit Chain Validation
2025-10-01 19:30:12,978 - AEGIS-X.EliteVerificationEngine - INFO - 🚫 Layer 6: False Positive Elimination
2025-10-01 19:30:12,978 - AEGIS-X.EliteVerificationEngine - INFO - 🎯 Vulnerability-specific verification for cross-site scripting (xss)
2025-10-01 19:30:12,978 - AEGIS-X.EliteVerificationEngine - INFO - ✅ Elite verification complete for mutated_xss_fd8547cf_2: False (confidence: 0.35)
2025-10-01 19:30:12,978 - AEGIS-X.EliteVerificationEngine - INFO - 🔍 Starting elite verification for vulnerability: Reflected XSS in q parameter
2025-10-01 19:30:12,978 - AEGIS-X.EliteVerificationEngine - INFO - 🎯 Layer 1: Payload Validation
2025-10-01 19:30:12,978 - AEGIS-X.EliteVerificationEngine - INFO - 📊 Layer 2: Response Analysis
2025-10-01 19:30:12,979 - AEGIS-X.EliteVerificationEngine - INFO - 🌐 Layer 3: Behavioral Verification
2025-10-01 19:30:12,986 - AEGIS-X.EliteVerificationEngine - INFO - 💥 Layer 4: Impact Simulation
2025-10-01 19:30:12,987 - AEGIS-X.EliteVerificationEngine - INFO - 🔗 Layer 5: Exploit Chain Validation
2025-10-01 19:30:12,987 - AEGIS-X.EliteVerificationEngine - INFO - 🚫 Layer 6: False Positive Elimination
2025-10-01 19:30:12,987 - AEGIS-X.EliteVerificationEngine - INFO - 🎯 Vulnerability-specific verification for cross-site scripting (xss)
2025-10-01 19:30:12,987 - AEGIS-X.EliteVerificationEngine - INFO - ✅ Elite verification complete for mutated_xss_fd8547cf_3: False (confidence: 0.35)
2025-10-01 19:30:12,987 - AEGIS-X.EliteVerificationEngine - INFO - 🔍 Starting elite verification for vulnerability: Reflected XSS in q parameter
2025-10-01 19:30:12,987 - AEGIS-X.EliteVerificationEngine - INFO - 🎯 Layer 1: Payload Validation
2025-10-01 19:30:12,987 - AEGIS-X.EliteVerificationEngine - INFO - 📊 Layer 2: Response Analysis
2025-10-01 19:30:12,989 - AEGIS-X.EliteVerificationEngine - INFO - 🌐 Layer 3: Behavioral Verification
2025-10-01 19:30:13,020 - AEGIS-X.EliteVerificationEngine - INFO - 💥 Layer 4: Impact Simulation
2025-10-01 19:30:13,020 - AEGIS-X.EliteVerificationEngine - INFO - 🔗 Layer 5: Exploit Chain Validation
2025-10-01 19:30:13,020 - AEGIS-X.EliteVerificationEngine - INFO - 🚫 Layer 6: False Positive Elimination
2025-10-01 19:30:13,020 - AEGIS-X.EliteVerificationEngine - INFO - 🎯 Vulnerability-specific verification for cross-site scripting (xss)
2025-10-01 19:30:13,020 - AEGIS-X.EliteVerificationEngine - INFO - ✅ Elite verification complete for mutated_xss_fd8547cf_4: False (confidence: 0.35)
2025-10-01 19:30:13,020 - AEGIS-X.EliteVerificationEngine - INFO - 🔍 Starting elite verification for vulnerability: Reflected XSS in q parameter
2025-10-01 19:30:13,020 - AEGIS-X.EliteVerificationEngine - INFO - 🎯 Layer 1: Payload Validation
2025-10-01 19:30:13,020 - AEGIS-X.EliteVerificationEngine - INFO - 📊 Layer 2: Response Analysis
2025-10-01 19:30:13,021 - AEGIS-X.EliteVerificationEngine - INFO - 🌐 Layer 3: Behavioral Verification
2025-10-01 19:30:13,027 - AEGIS-X.EliteVerificationEngine - INFO - 💥 Layer 4: Impact Simulation
2025-10-01 19:30:13,027 - AEGIS-X.EliteVerificationEngine - INFO - 🔗 Layer 5: Exploit Chain Validation
2025-10-01 19:30:13,027 - AEGIS-X.EliteVerificationEngine - INFO - 🚫 Layer 6: False Positive Elimination
2025-10-01 19:30:13,027 - AEGIS-X.EliteVerificationEngine - INFO - 🎯 Vulnerability-specific verification for cross-site scripting (xss)
2025-10-01 19:30:13,027 - AEGIS-X.EliteVerificationEngine - INFO - ✅ Elite verification complete for mutated_xss_1858ce13_5: False (confidence: 0.35)
2025-10-01 19:30:13,027 - AEGIS-X.EliteVerificationEngine - INFO - 🔍 Starting elite verification for vulnerability: Reflected XSS in q parameter
2025-10-01 19:30:13,027 - AEGIS-X.EliteVerificationEngine - INFO - 🎯 Layer 1: Payload Validation
2025-10-01 19:30:13,027 - AEGIS-X.EliteVerificationEngine - INFO - 📊 Layer 2: Response Analysis
2025-10-01 19:30:13,028 - AEGIS-X.EliteVerificationEngine - INFO - 🌐 Layer 3: Behavioral Verification
2025-10-01 19:30:13,066 - AEGIS-X.EliteVerificationEngine - INFO - 💥 Layer 4: Impact Simulation
2025-10-01 19:30:13,066 - AEGIS-X.EliteVerificationEngine - INFO - 🔗 Layer 5: Exploit Chain Validation
2025-10-01 19:30:13,067 - AEGIS-X.EliteVerificationEngine - INFO - 🚫 Layer 6: False Positive Elimination
2025-10-01 19:30:13,067 - AEGIS-X.EliteVerificationEngine - INFO - 🎯 Vulnerability-specific verification for cross-site scripting (xss)
2025-10-01 19:30:13,067 - AEGIS-X.EliteVerificationEngine - INFO - ✅ Elite verification complete for mutated_xss_1858ce13_6: False (confidence: 0.35)
2025-10-01 19:30:13,067 - AEGIS-X.EliteVerificationEngine - INFO - 🔍 Starting elite verification for vulnerability: Reflected XSS in q parameter
2025-10-01 19:30:13,067 - AEGIS-X.EliteVerificationEngine - INFO - 🎯 Layer 1: Payload Validation
2025-10-01 19:30:13,067 - AEGIS-X.EliteVerificationEngine - INFO - 📊 Layer 2: Response Analysis
2025-10-01 19:30:13,068 - AEGIS-X.EliteVerificationEngine - INFO - 🌐 Layer 3: Behavioral Verification
2025-10-01 19:30:13,074 - AEGIS-X.EliteVerificationEngine - INFO - 💥 Layer 4: Impact Simulation
2025-10-01 19:30:13,074 - AEGIS-X.EliteVerificationEngine - INFO - 🔗 Layer 5: Exploit Chain Validation
2025-10-01 19:30:13,074 - AEGIS-X.EliteVerificationEngine - INFO - 🚫 Layer 6: False Positive Elimination
2025-10-01 19:30:13,074 - AEGIS-X.EliteVerificationEngine - INFO - 🎯 Vulnerability-specific verification for cross-site scripting (xss)
2025-10-01 19:30:13,075 - AEGIS-X.EliteVerificationEngine - INFO - ✅ Elite verification complete for mutated_xss_1858ce13_7: False (confidence: 0.35)
2025-10-01 19:30:13,075 - AEGIS-X.EliteVerificationEngine - INFO - 🔍 Starting elite verification for vulnerability: Reflected XSS in q parameter
2025-10-01 19:30:13,075 - AEGIS-X.EliteVerificationEngine - INFO - 🎯 Layer 1: Payload Validation
2025-10-01 19:30:13,075 - AEGIS-X.EliteVerificationEngine - INFO - 📊 Layer 2: Response Analysis
2025-10-01 19:30:13,076 - AEGIS-X.EliteVerificationEngine - INFO - 🌐 Layer 3: Behavioral Verification
2025-10-01 19:30:13,110 - AEGIS-X.EliteVerificationEngine - INFO - 💥 Layer 4: Impact Simulation
2025-10-01 19:30:13,110 - AEGIS-X.EliteVerificationEngine - INFO - 🔗 Layer 5: Exploit Chain Validation
2025-10-01 19:30:13,110 - AEGIS-X.EliteVerificationEngine - INFO - 🚫 Layer 6: False Positive Elimination
2025-10-01 19:30:13,110 - AEGIS-X.EliteVerificationEngine - INFO - 🎯 Vulnerability-specific verification for cross-site scripting (xss)
2025-10-01 19:30:13,110 - AEGIS-X.EliteVerificationEngine - INFO - ✅ Elite verification complete for mutated_xss_1858ce13_8: False (confidence: 0.35)
2025-10-01 19:30:13,110 - AEGIS-X.EliteVerificationEngine - INFO - 🔍 Starting elite verification for vulnerability: Reflected XSS in q parameter
2025-10-01 19:30:13,110 - AEGIS-X.EliteVerificationEngine - INFO - 🎯 Layer 1: Payload Validation
2025-10-01 19:30:13,110 - AEGIS-X.EliteVerificationEngine - INFO - 📊 Layer 2: Response Analysis
2025-10-01 19:30:13,112 - AEGIS-X.EliteVerificationEngine - INFO - 🌐 Layer 3: Behavioral Verification
2025-10-01 19:30:13,119 - AEGIS-X.EliteVerificationEngine - INFO - 💥 Layer 4: Impact Simulation
2025-10-01 19:30:13,119 - AEGIS-X.EliteVerificationEngine - INFO - 🔗 Layer 5: Exploit Chain Validation
2025-10-01 19:30:13,119 - AEGIS-X.EliteVerificationEngine - INFO - 🚫 Layer 6: False Positive Elimination
2025-10-01 19:30:13,119 - AEGIS-X.EliteVerificationEngine - INFO - 🎯 Vulnerability-specific verification for cross-site scripting (xss)
2025-10-01 19:30:13,119 - AEGIS-X.EliteVerificationEngine - INFO - ✅ Elite verification complete for mutated_xss_1858ce13_9: False (confidence: 0.35)
2025-10-01 19:30:13,120 - AEGIS-X.EliteVerificationEngine - INFO - 🔍 Starting elite verification for vulnerability: Reflected XSS in q parameter
2025-10-01 19:30:13,120 - AEGIS-X.EliteVerificationEngine - INFO - 🎯 Layer 1: Payload Validation
2025-10-01 19:30:13,120 - AEGIS-X.EliteVerificationEngine - INFO - 📊 Layer 2: Response Analysis
2025-10-01 19:30:13,121 - AEGIS-X.EliteVerificationEngine - INFO - 🌐 Layer 3: Behavioral Verification
2025-10-01 19:30:13,157 - AEGIS-X.EliteVerificationEngine - INFO - 💥 Layer 4: Impact Simulation
2025-10-01 19:30:13,157 - AEGIS-X.EliteVerificationEngine - INFO - 🔗 Layer 5: Exploit Chain Validation
2025-10-01 19:30:13,157 - AEGIS-X.EliteVerificationEngine - INFO - 🚫 Layer 6: False Positive Elimination
2025-10-01 19:30:13,157 - AEGIS-X.EliteVerificationEngine - INFO - 🎯 Vulnerability-specific verification for cross-site scripting (xss)
2025-10-01 19:30:13,157 - AEGIS-X.EliteVerificationEngine - INFO - ✅ Elite verification complete for mutated_xss_817f8f8b_10: False (confidence: 0.35)
2025-10-01 19:30:13,157 - AEGIS-X.EliteVerificationEngine - INFO - 🔍 Starting elite verification for vulnerability: Reflected XSS in q parameter
2025-10-01 19:30:13,157 - AEGIS-X.EliteVerificationEngine - INFO - 🎯 Layer 1: Payload Validation
2025-10-01 19:30:13,157 - AEGIS-X.EliteVerificationEngine - INFO - 📊 Layer 2: Response Analysis
2025-10-01 19:30:13,158 - AEGIS-X.EliteVerificationEngine - INFO - 🌐 Layer 3: Behavioral Verification
2025-10-01 19:30:13,164 - AEGIS-X.EliteVerificationEngine - INFO - 💥 Layer 4: Impact Simulation
2025-10-01 19:30:13,165 - AEGIS-X.EliteVerificationEngine - INFO - 🔗 Layer 5: Exploit Chain Validation
2025-10-01 19:30:13,165 - AEGIS-X.EliteVerificationEngine - INFO - 🚫 Layer 6: False Positive Elimination
2025-10-01 19:30:13,165 - AEGIS-X.EliteVerificationEngine - INFO - 🎯 Vulnerability-specific verification for cross-site scripting (xss)
2025-10-01 19:30:13,165 - AEGIS-X.EliteVerificationEngine - INFO - ✅ Elite verification complete for mutated_xss_817f8f8b_11: False (confidence: 0.35)
2025-10-01 19:30:13,165 - AEGIS-X.EliteVerificationEngine - INFO - 🔍 Starting elite verification for vulnerability: Reflected XSS in q parameter
2025-10-01 19:30:13,165 - AEGIS-X.EliteVerificationEngine - INFO - 🎯 Layer 1: Payload Validation
2025-10-01 19:30:13,165 - AEGIS-X.EliteVerificationEngine - INFO - 📊 Layer 2: Response Analysis
2025-10-01 19:30:13,166 - AEGIS-X.EliteVerificationEngine - INFO - 🌐 Layer 3: Behavioral Verification
2025-10-01 19:30:13,201 - AEGIS-X.EliteVerificationEngine - INFO - 💥 Layer 4: Impact Simulation
2025-10-01 19:30:13,201 - AEGIS-X.EliteVerificationEngine - INFO - 🔗 Layer 5: Exploit Chain Validation
2025-10-01 19:30:13,201 - AEGIS-X.EliteVerificationEngine - INFO - 🚫 Layer 6: False Positive Elimination
2025-10-01 19:30:13,201 - AEGIS-X.EliteVerificationEngine - INFO - 🎯 Vulnerability-specific verification for cross-site scripting (xss)
2025-10-01 19:30:13,201 - AEGIS-X.EliteVerificationEngine - INFO - ✅ Elite verification complete for mutated_xss_817f8f8b_12: False (confidence: 0.35)
2025-10-01 19:30:13,202 - AEGIS-X.EliteVerificationEngine - INFO - 🔍 Starting elite verification for vulnerability: Reflected XSS in q parameter
2025-10-01 19:30:13,202 - AEGIS-X.EliteVerificationEngine - INFO - 🎯 Layer 1: Payload Validation
2025-10-01 19:30:13,202 - AEGIS-X.EliteVerificationEngine - INFO - 📊 Layer 2: Response Analysis
2025-10-01 19:30:13,203 - AEGIS-X.EliteVerificationEngine - INFO - 🌐 Layer 3: Behavioral Verification
2025-10-01 19:30:13,209 - AEGIS-X.EliteVerificationEngine - INFO - 💥 Layer 4: Impact Simulation
2025-10-01 19:30:13,209 - AEGIS-X.EliteVerificationEngine - INFO - 🔗 Layer 5: Exploit Chain Validation
2025-10-01 19:30:13,209 - AEGIS-X.EliteVerificationEngine - INFO - 🚫 Layer 6: False Positive Elimination
2025-10-01 19:30:13,209 - AEGIS-X.EliteVerificationEngine - INFO - 🎯 Vulnerability-specific verification for cross-site scripting (xss)
2025-10-01 19:30:13,209 - AEGIS-X.EliteVerificationEngine - INFO - ✅ Elite verification complete for mutated_xss_817f8f8b_13: False (confidence: 0.35)
2025-10-01 19:30:13,209 - AEGIS-X.EliteVerificationEngine - INFO - 🔍 Starting elite verification for vulnerability: Reflected XSS in q parameter
2025-10-01 19:30:13,209 - AEGIS-X.EliteVerificationEngine - INFO - 🎯 Layer 1: Payload Validation
2025-10-01 19:30:13,209 - AEGIS-X.EliteVerificationEngine - INFO - 📊 Layer 2: Response Analysis
2025-10-01 19:30:13,211 - AEGIS-X.EliteVerificationEngine - INFO - 🌐 Layer 3: Behavioral Verification
2025-10-01 19:30:13,257 - AEGIS-X.EliteVerificationEngine - INFO - 💥 Layer 4: Impact Simulation
2025-10-01 19:30:13,257 - AEGIS-X.EliteVerificationEngine - INFO - 🔗 Layer 5: Exploit Chain Validation
2025-10-01 19:30:13,257 - AEGIS-X.EliteVerificationEngine - INFO - 🚫 Layer 6: False Positive Elimination
2025-10-01 19:30:13,257 - AEGIS-X.EliteVerificationEngine - INFO - 🎯 Vulnerability-specific verification for cross-site scripting (xss)
2025-10-01 19:30:13,257 - AEGIS-X.EliteVerificationEngine - INFO - ✅ Elite verification complete for mutated_xss_817f8f8b_14: False (confidence: 0.35)
2025-10-01 19:30:13,257 - AEGIS-X.EliteVerificationEngine - INFO - 🔍 Starting elite verification for vulnerability: Reflected XSS in q parameter
2025-10-01 19:30:13,257 - AEGIS-X.EliteVerificationEngine - INFO - 🎯 Layer 1: Payload Validation
2025-10-01 19:30:13,257 - AEGIS-X.EliteVerificationEngine - INFO - 📊 Layer 2: Response Analysis
2025-10-01 19:30:13,259 - AEGIS-X.EliteVerificationEngine - INFO - 🌐 Layer 3: Behavioral Verification
2025-10-01 19:30:13,267 - AEGIS-X.EliteVerificationEngine - INFO - 💥 Layer 4: Impact Simulation
2025-10-01 19:30:13,267 - AEGIS-X.EliteVerificationEngine - INFO - 🔗 Layer 5: Exploit Chain Validation
2025-10-01 19:30:13,267 - AEGIS-X.EliteVerificationEngine - INFO - 🚫 Layer 6: False Positive Elimination
2025-10-01 19:30:13,267 - AEGIS-X.EliteVerificationEngine - INFO - 🎯 Vulnerability-specific verification for cross-site scripting (xss)
2025-10-01 19:30:13,267 - AEGIS-X.EliteVerificationEngine - INFO - ✅ Elite verification complete for mutated_xss_4ea2abf7_15: False (confidence: 0.35)
2025-10-01 19:30:13,267 - AEGIS-X.EliteVerificationEngine - INFO - 🔍 Starting elite verification for vulnerability: Reflected XSS in q parameter
2025-10-01 19:30:13,267 - AEGIS-X.EliteVerificationEngine - INFO - 🎯 Layer 1: Payload Validation
2025-10-01 19:30:13,267 - AEGIS-X.EliteVerificationEngine - INFO - 📊 Layer 2: Response Analysis
2025-10-01 19:30:13,269 - AEGIS-X.EliteVerificationEngine - INFO - 🌐 Layer 3: Behavioral Verification
2025-10-01 19:30:13,316 - AEGIS-X.EliteVerificationEngine - INFO - 💥 Layer 4: Impact Simulation
2025-10-01 19:30:13,316 - AEGIS-X.EliteVerificationEngine - INFO - 🔗 Layer 5: Exploit Chain Validation
2025-10-01 19:30:13,316 - AEGIS-X.EliteVerificationEngine - INFO - 🚫 Layer 6: False Positive Elimination
2025-10-01 19:30:13,316 - AEGIS-X.EliteVerificationEngine - INFO - 🎯 Vulnerability-specific verification for cross-site scripting (xss)
2025-10-01 19:30:13,316 - AEGIS-X.EliteVerificationEngine - INFO - ✅ Elite verification complete for mutated_xss_4ea2abf7_16: False (confidence: 0.35)
2025-10-01 19:30:13,317 - AEGIS-X.EliteVerificationEngine - INFO - 🔍 Starting elite verification for vulnerability: Reflected XSS in q parameter
2025-10-01 19:30:13,317 - AEGIS-X.EliteVerificationEngine - INFO - 🎯 Layer 1: Payload Validation
2025-10-01 19:30:13,317 - AEGIS-X.EliteVerificationEngine - INFO - 📊 Layer 2: Response Analysis
2025-10-01 19:30:13,319 - AEGIS-X.EliteVerificationEngine - INFO - 🌐 Layer 3: Behavioral Verification
2025-10-01 19:30:13,327 - AEGIS-X.EliteVerificationEngine - INFO - 💥 Layer 4: Impact Simulation
2025-10-01 19:30:13,328 - AEGIS-X.EliteVerificationEngine - INFO - 🔗 Layer 5: Exploit Chain Validation
2025-10-01 19:30:13,328 - AEGIS-X.EliteVerificationEngine - INFO - 🚫 Layer 6: False Positive Elimination
2025-10-01 19:30:13,328 - AEGIS-X.EliteVerificationEngine - INFO - 🎯 Vulnerability-specific verification for cross-site scripting (xss)
2025-10-01 19:30:13,328 - AEGIS-X.EliteVerificationEngine - INFO - ✅ Elite verification complete for mutated_xss_4ea2abf7_17: False (confidence: 0.35)
2025-10-01 19:30:13,328 - AEGIS-X.EliteVerificationEngine - INFO - 🔍 Starting elite verification for vulnerability: Reflected XSS in q parameter
2025-10-01 19:30:13,328 - AEGIS-X.EliteVerificationEngine - INFO - 🎯 Layer 1: Payload Validation
2025-10-01 19:30:13,328 - AEGIS-X.EliteVerificationEngine - INFO - 📊 Layer 2: Response Analysis
2025-10-01 19:30:13,329 - AEGIS-X.EliteVerificationEngine - INFO - 🌐 Layer 3: Behavioral Verification
2025-10-01 19:30:13,369 - AEGIS-X.EliteVerificationEngine - INFO - 💥 Layer 4: Impact Simulation
2025-10-01 19:30:13,369 - AEGIS-X.EliteVerificationEngine - INFO - 🔗 Layer 5: Exploit Chain Validation
2025-10-01 19:30:13,369 - AEGIS-X.EliteVerificationEngine - INFO - 🚫 Layer 6: False Positive Elimination
2025-10-01 19:30:13,369 - AEGIS-X.EliteVerificationEngine - INFO - 🎯 Vulnerability-specific verification for cross-site scripting (xss)
2025-10-01 19:30:13,369 - AEGIS-X.EliteVerificationEngine - INFO - ✅ Elite verification complete for mutated_xss_4ea2abf7_18: False (confidence: 0.35)
2025-10-01 19:30:13,369 - AEGIS-X.EliteVerificationEngine - INFO - 🔍 Starting elite verification for vulnerability: Reflected XSS in q parameter
2025-10-01 19:30:13,369 - AEGIS-X.EliteVerificationEngine - INFO - 🎯 Layer 1: Payload Validation
2025-10-01 19:30:13,369 - AEGIS-X.EliteVerificationEngine - INFO - 📊 Layer 2: Response Analysis
2025-10-01 19:30:13,371 - AEGIS-X.EliteVerificationEngine - INFO - 🌐 Layer 3: Behavioral Verification
2025-10-01 19:30:13,377 - AEGIS-X.EliteVerificationEngine - INFO - 💥 Layer 4: Impact Simulation
2025-10-01 19:30:13,377 - AEGIS-X.EliteVerificationEngine - INFO - 🔗 Layer 5: Exploit Chain Validation
2025-10-01 19:30:13,377 - AEGIS-X.EliteVerificationEngine - INFO - 🚫 Layer 6: False Positive Elimination
2025-10-01 19:30:13,377 - AEGIS-X.EliteVerificationEngine - INFO - 🎯 Vulnerability-specific verification for cross-site scripting (xss)
2025-10-01 19:30:13,377 - AEGIS-X.EliteVerificationEngine - INFO - ✅ Elite verification complete for mutated_xss_4ea2abf7_19: False (confidence: 0.35)
2025-10-01 19:30:13,377 - AEGIS-X.EliteVerificationEngine - INFO - 🔍 Starting elite verification for vulnerability: Reflected XSS in q parameter
2025-10-01 19:30:13,377 - AEGIS-X.EliteVerificationEngine - INFO - 🎯 Layer 1: Payload Validation
2025-10-01 19:30:13,377 - AEGIS-X.EliteVerificationEngine - INFO - 📊 Layer 2: Response Analysis
2025-10-01 19:30:13,378 - AEGIS-X.EliteVerificationEngine - INFO - 🌐 Layer 3: Behavioral Verification
2025-10-01 19:30:13,417 - AEGIS-X.EliteVerificationEngine - INFO - 💥 Layer 4: Impact Simulation
2025-10-01 19:30:13,417 - AEGIS-X.EliteVerificationEngine - INFO - 🔗 Layer 5: Exploit Chain Validation
2025-10-01 19:30:13,418 - AEGIS-X.EliteVerificationEngine - INFO - 🚫 Layer 6: False Positive Elimination
2025-10-01 19:30:13,418 - AEGIS-X.EliteVerificationEngine - INFO - 🎯 Vulnerability-specific verification for cross-site scripting (xss)
2025-10-01 19:30:13,418 - AEGIS-X.EliteVerificationEngine - INFO - ✅ Elite verification complete for mutated_xss_8949a6d1_20: False (confidence: 0.35)
2025-10-01 19:30:13,418 - AEGIS-X.EliteVerificationEngine - INFO - 🔍 Starting elite verification for vulnerability: Reflected XSS in q parameter
2025-10-01 19:30:13,418 - AEGIS-X.EliteVerificationEngine - INFO - 🎯 Layer 1: Payload Validation
2025-10-01 19:30:13,418 - AEGIS-X.EliteVerificationEngine - INFO - 📊 Layer 2: Response Analysis
2025-10-01 19:30:13,419 - AEGIS-X.EliteVerificationEngine - INFO - 🌐 Layer 3: Behavioral Verification
2025-10-01 19:30:13,426 - AEGIS-X.EliteVerificationEngine - INFO - 💥 Layer 4: Impact Simulation
2025-10-01 19:30:13,426 - AEGIS-X.EliteVerificationEngine - INFO - 🔗 Layer 5: Exploit Chain Validation
2025-10-01 19:30:13,426 - AEGIS-X.EliteVerificationEngine - INFO - 🚫 Layer 6: False Positive Elimination
2025-10-01 19:30:13,426 - AEGIS-X.EliteVerificationEngine - INFO - 🎯 Vulnerability-specific verification for cross-site scripting (xss)
2025-10-01 19:30:13,426 - AEGIS-X.EliteVerificationEngine - INFO - ✅ Elite verification complete for mutated_xss_8949a6d1_21: False (confidence: 0.35)
2025-10-01 19:30:13,426 - AEGIS-X.EliteVerificationEngine - INFO - 🔍 Starting elite verification for vulnerability: Reflected XSS in q parameter
2025-10-01 19:30:13,426 - AEGIS-X.EliteVerificationEngine - INFO - 🎯 Layer 1: Payload Validation
2025-10-01 19:30:13,426 - AEGIS-X.EliteVerificationEngine - INFO - 📊 Layer 2: Response Analysis
2025-10-01 19:30:13,428 - AEGIS-X.EliteVerificationEngine - INFO - 🌐 Layer 3: Behavioral Verification
2025-10-01 19:30:13,470 - AEGIS-X.EliteVerificationEngine - INFO - 💥 Layer 4: Impact Simulation
2025-10-01 19:30:13,470 - AEGIS-X.EliteVerificationEngine - INFO - 🔗 Layer 5: Exploit Chain Validation
2025-10-01 19:30:13,470 - AEGIS-X.EliteVerificationEngine - INFO - 🚫 Layer 6: False Positive Elimination
2025-10-01 19:30:13,470 - AEGIS-X.EliteVerificationEngine - INFO - 🎯 Vulnerability-specific verification for cross-site scripting (xss)
2025-10-01 19:30:13,470 - AEGIS-X.EliteVerificationEngine - INFO - ✅ Elite verification complete for mutated_xss_8949a6d1_22: False (confidence: 0.35)
2025-10-01 19:30:13,470 - AEGIS-X.EliteVerificationEngine - INFO - 🔍 Starting elite verification for vulnerability: Reflected XSS in q parameter
2025-10-01 19:30:13,470 - AEGIS-X.EliteVerificationEngine - INFO - 🎯 Layer 1: Payload Validation
2025-10-01 19:30:13,470 - AEGIS-X.EliteVerificationEngine - INFO - 📊 Layer 2: Response Analysis
2025-10-01 19:30:13,472 - AEGIS-X.EliteVerificationEngine - INFO - 🌐 Layer 3: Behavioral Verification
2025-10-01 19:30:13,479 - AEGIS-X.EliteVerificationEngine - INFO - 💥 Layer 4: Impact Simulation
2025-10-01 19:30:13,479 - AEGIS-X.EliteVerificationEngine - INFO - 🔗 Layer 5: Exploit Chain Validation
2025-10-01 19:30:13,479 - AEGIS-X.EliteVerificationEngine - INFO - 🚫 Layer 6: False Positive Elimination
2025-10-01 19:30:13,480 - AEGIS-X.EliteVerificationEngine - INFO - 🎯 Vulnerability-specific verification for cross-site scripting (xss)
2025-10-01 19:30:13,480 - AEGIS-X.EliteVerificationEngine - INFO - ✅ Elite verification complete for mutated_xss_8949a6d1_23: False (confidence: 0.35)
2025-10-01 19:30:13,480 - AEGIS-X.EliteVerificationEngine - INFO - 🔍 Starting elite verification for vulnerability: Reflected XSS in q parameter
2025-10-01 19:30:13,480 - AEGIS-X.EliteVerificationEngine - INFO - 🎯 Layer 1: Payload Validation
2025-10-01 19:30:13,480 - AEGIS-X.EliteVerificationEngine - INFO - 📊 Layer 2: Response Analysis
2025-10-01 19:30:13,481 - AEGIS-X.EliteVerificationEngine - INFO - 🌐 Layer 3: Behavioral Verification
2025-10-01 19:30:13,513 - AEGIS-X.EliteVerificationEngine - INFO - 💥 Layer 4: Impact Simulation
2025-10-01 19:30:13,513 - AEGIS-X.EliteVerificationEngine - INFO - 🔗 Layer 5: Exploit Chain Validation
2025-10-01 19:30:13,513 - AEGIS-X.EliteVerificationEngine - INFO - 🚫 Layer 6: False Positive Elimination
2025-10-01 19:30:13,513 - AEGIS-X.EliteVerificationEngine - INFO - 🎯 Vulnerability-specific verification for cross-site scripting (xss)
2025-10-01 19:30:13,513 - AEGIS-X.EliteVerificationEngine - INFO - ✅ Elite verification complete for mutated_xss_8949a6d1_24: False (confidence: 0.35)
2025-10-01 19:30:13,513 - AEGIS-X.EliteVerificationEngine - INFO - 🔍 Starting elite verification for vulnerability: Reflected XSS in q parameter
2025-10-01 19:30:13,513 - AEGIS-X.EliteVerificationEngine - INFO - 🎯 Layer 1: Payload Validation
2025-10-01 19:30:13,513 - AEGIS-X.EliteVerificationEngine - INFO - 📊 Layer 2: Response Analysis
2025-10-01 19:30:13,515 - AEGIS-X.EliteVerificationEngine - INFO - 🌐 Layer 3: Behavioral Verification
2025-10-01 19:30:13,522 - AEGIS-X.EliteVerificationEngine - INFO - 💥 Layer 4: Impact Simulation
2025-10-01 19:30:13,522 - AEGIS-X.EliteVerificationEngine - INFO - 🔗 Layer 5: Exploit Chain Validation
2025-10-01 19:30:13,522 - AEGIS-X.EliteVerificationEngine - INFO - 🚫 Layer 6: False Positive Elimination
2025-10-01 19:30:13,522 - AEGIS-X.EliteVerificationEngine - INFO - 🎯 Vulnerability-specific verification for cross-site scripting (xss)
2025-10-01 19:30:13,523 - AEGIS-X.EliteVerificationEngine - INFO - ✅ Elite verification complete for mutated_xss_f6bbc2ab_25: False (confidence: 0.35)
2025-10-01 19:30:13,523 - AEGIS-X.EliteVerificationEngine - INFO - 🔍 Starting elite verification for vulnerability: Reflected XSS in q parameter
2025-10-01 19:30:13,523 - AEGIS-X.EliteVerificationEngine - INFO - 🎯 Layer 1: Payload Validation
2025-10-01 19:30:13,523 - AEGIS-X.EliteVerificationEngine - INFO - 📊 Layer 2: Response Analysis
2025-10-01 19:30:13,524 - AEGIS-X.EliteVerificationEngine - INFO - 🌐 Layer 3: Behavioral Verification
2025-10-01 19:30:13,558 - AEGIS-X.EliteVerificationEngine - INFO - 💥 Layer 4: Impact Simulation
2025-10-01 19:30:13,558 - AEGIS-X.EliteVerificationEngine - INFO - 🔗 Layer 5: Exploit Chain Validation
2025-10-01 19:30:13,558 - AEGIS-X.EliteVerificationEngine - INFO - 🚫 Layer 6: False Positive Elimination
2025-10-01 19:30:13,558 - AEGIS-X.EliteVerificationEngine - INFO - 🎯 Vulnerability-specific verification for cross-site scripting (xss)
2025-10-01 19:30:13,558 - AEGIS-X.EliteVerificationEngine - INFO - ✅ Elite verification complete for mutated_xss_f6bbc2ab_26: False (confidence: 0.35)
2025-10-01 19:30:13,558 - AEGIS-X.EliteVerificationEngine - INFO - 🔍 Starting elite verification for vulnerability: Reflected XSS in q parameter
2025-10-01 19:30:13,558 - AEGIS-X.EliteVerificationEngine - INFO - 🎯 Layer 1: Payload Validation
2025-10-01 19:30:13,558 - AEGIS-X.EliteVerificationEngine - INFO - 📊 Layer 2: Response Analysis
2025-10-01 19:30:13,560 - AEGIS-X.EliteVerificationEngine - INFO - 🌐 Layer 3: Behavioral Verification
2025-10-01 19:30:13,573 - AEGIS-X.EliteVerificationEngine - INFO - 💥 Layer 4: Impact Simulation
2025-10-01 19:30:13,573 - AEGIS-X.EliteVerificationEngine - INFO - 🔗 Layer 5: Exploit Chain Validation
2025-10-01 19:30:13,573 - AEGIS-X.EliteVerificationEngine - INFO - 🚫 Layer 6: False Positive Elimination
2025-10-01 19:30:13,573 - AEGIS-X.EliteVerificationEngine - INFO - 🎯 Vulnerability-specific verification for cross-site scripting (xss)
2025-10-01 19:30:13,573 - AEGIS-X.EliteVerificationEngine - INFO - ✅ Elite verification complete for mutated_xss_f6bbc2ab_27: False (confidence: 0.35)
2025-10-01 19:30:13,573 - AEGIS-X.EliteVerificationEngine - INFO - 🔍 Starting elite verification for vulnerability: Reflected XSS in q parameter
2025-10-01 19:30:13,574 - AEGIS-X.EliteVerificationEngine - INFO - 🎯 Layer 1: Payload Validation
2025-10-01 19:30:13,574 - AEGIS-X.EliteVerificationEngine - INFO - 📊 Layer 2: Response Analysis
2025-10-01 19:30:13,576 - AEGIS-X.EliteVerificationEngine - INFO - 🌐 Layer 3: Behavioral Verification
2025-10-01 19:30:13,613 - AEGIS-X.EliteVerificationEngine - INFO - 💥 Layer 4: Impact Simulation
2025-10-01 19:30:13,613 - AEGIS-X.EliteVerificationEngine - INFO - 🔗 Layer 5: Exploit Chain Validation
2025-10-01 19:30:13,613 - AEGIS-X.EliteVerificationEngine - INFO - 🚫 Layer 6: False Positive Elimination
2025-10-01 19:30:13,613 - AEGIS-X.EliteVerificationEngine - INFO - 🎯 Vulnerability-specific verification for cross-site scripting (xss)
2025-10-01 19:30:13,613 - AEGIS-X.EliteVerificationEngine - INFO - ✅ Elite verification complete for mutated_xss_f6bbc2ab_28: False (confidence: 0.35)
2025-10-01 19:30:13,613 - AEGIS-X.EliteVerificationEngine - INFO - 🔍 Starting elite verification for vulnerability: Reflected XSS in q parameter
2025-10-01 19:30:13,613 - AEGIS-X.EliteVerificationEngine - INFO - 🎯 Layer 1: Payload Validation
2025-10-01 19:30:13,613 - AEGIS-X.EliteVerificationEngine - INFO - 📊 Layer 2: Response Analysis
2025-10-01 19:30:13,615 - AEGIS-X.EliteVerificationEngine - INFO - 🌐 Layer 3: Behavioral Verification
2025-10-01 19:30:13,621 - AEGIS-X.EliteVerificationEngine - INFO - 💥 Layer 4: Impact Simulation
2025-10-01 19:30:13,621 - AEGIS-X.EliteVerificationEngine - INFO - 🔗 Layer 5: Exploit Chain Validation
2025-10-01 19:30:13,622 - AEGIS-X.EliteVerificationEngine - INFO - 🚫 Layer 6: False Positive Elimination
2025-10-01 19:30:13,622 - AEGIS-X.EliteVerificationEngine - INFO - 🎯 Vulnerability-specific verification for cross-site scripting (xss)
2025-10-01 19:30:13,622 - AEGIS-X.EliteVerificationEngine - INFO - ✅ Elite verification complete for mutated_xss_f6bbc2ab_29: False (confidence: 0.35)
2025-10-01 19:30:13,622 - AEGIS-X.EliteVerificationEngine - INFO - 🔍 Starting elite verification for vulnerability: Reflected XSS in q parameter
2025-10-01 19:30:13,622 - AEGIS-X.EliteVerificationEngine - INFO - 🎯 Layer 1: Payload Validation
2025-10-01 19:30:13,622 - AEGIS-X.EliteVerificationEngine - INFO - 📊 Layer 2: Response Analysis
2025-10-01 19:30:13,623 - AEGIS-X.EliteVerificationEngine - INFO - 🌐 Layer 3: Behavioral Verification
2025-10-01 19:30:13,659 - AEGIS-X.EliteVerificationEngine - INFO - 💥 Layer 4: Impact Simulation
2025-10-01 19:30:13,659 - AEGIS-X.EliteVerificationEngine - INFO - 🔗 Layer 5: Exploit Chain Validation
2025-10-01 19:30:13,659 - AEGIS-X.EliteVerificationEngine - INFO - 🚫 Layer 6: False Positive Elimination
2025-10-01 19:30:13,659 - AEGIS-X.EliteVerificationEngine - INFO - 🎯 Vulnerability-specific verification for cross-site scripting (xss)
2025-10-01 19:30:13,659 - AEGIS-X.EliteVerificationEngine - INFO - ✅ Elite verification complete for mutated_xss_0e1c88df_30: False (confidence: 0.35)
2025-10-01 19:30:13,659 - AEGIS-X.EliteVerificationEngine - INFO - 🔍 Starting elite verification for vulnerability: Reflected XSS in q parameter
2025-10-01 19:30:13,659 - AEGIS-X.EliteVerificationEngine - INFO - 🎯 Layer 1: Payload Validation
2025-10-01 19:30:13,659 - AEGIS-X.EliteVerificationEngine - INFO - 📊 Layer 2: Response Analysis
2025-10-01 19:30:13,660 - AEGIS-X.EliteVerificationEngine - INFO - 🌐 Layer 3: Behavioral Verification
2025-10-01 19:30:13,667 - AEGIS-X.EliteVerificationEngine - INFO - 💥 Layer 4: Impact Simulation
2025-10-01 19:30:13,667 - AEGIS-X.EliteVerificationEngine - INFO - 🔗 Layer 5: Exploit Chain Validation
2025-10-01 19:30:13,667 - AEGIS-X.EliteVerificationEngine - INFO - 🚫 Layer 6: False Positive Elimination
2025-10-01 19:30:13,667 - AEGIS-X.EliteVerificationEngine - INFO - 🎯 Vulnerability-specific verification for cross-site scripting (xss)
2025-10-01 19:30:13,667 - AEGIS-X.EliteVerificationEngine - INFO - ✅ Elite verification complete for mutated_xss_0e1c88df_31: False (confidence: 0.35)
2025-10-01 19:30:13,667 - AEGIS-X.EliteVerificationEngine - INFO - 🔍 Starting elite verification for vulnerability: Reflected XSS in q parameter
2025-10-01 19:30:13,667 - AEGIS-X.EliteVerificationEngine - INFO - 🎯 Layer 1: Payload Validation
2025-10-01 19:30:13,667 - AEGIS-X.EliteVerificationEngine - INFO - 📊 Layer 2: Response Analysis
2025-10-01 19:30:13,668 - AEGIS-X.EliteVerificationEngine - INFO - 🌐 Layer 3: Behavioral Verification
2025-10-01 19:30:13,703 - AEGIS-X.EliteVerificationEngine - INFO - 💥 Layer 4: Impact Simulation
2025-10-01 19:30:13,703 - AEGIS-X.EliteVerificationEngine - INFO - 🔗 Layer 5: Exploit Chain Validation
2025-10-01 19:30:13,703 - AEGIS-X.EliteVerificationEngine - INFO - 🚫 Layer 6: False Positive Elimination
2025-10-01 19:30:13,703 - AEGIS-X.EliteVerificationEngine - INFO - 🎯 Vulnerability-specific verification for cross-site scripting (xss)
2025-10-01 19:30:13,703 - AEGIS-X.EliteVerificationEngine - INFO - ✅ Elite verification complete for mutated_xss_0e1c88df_32: False (confidence: 0.35)
2025-10-01 19:30:13,703 - AEGIS-X.EliteVerificationEngine - INFO - 🔍 Starting elite verification for vulnerability: Reflected XSS in q parameter
2025-10-01 19:30:13,703 - AEGIS-X.EliteVerificationEngine - INFO - 🎯 Layer 1: Payload Validation
2025-10-01 19:30:13,704 - AEGIS-X.EliteVerificationEngine - INFO - 📊 Layer 2: Response Analysis
2025-10-01 19:30:13,705 - AEGIS-X.EliteVerificationEngine - INFO - 🌐 Layer 3: Behavioral Verification
2025-10-01 19:30:13,711 - AEGIS-X.EliteVerificationEngine - INFO - 💥 Layer 4: Impact Simulation
2025-10-01 19:30:13,711 - AEGIS-X.EliteVerificationEngine - INFO - 🔗 Layer 5: Exploit Chain Validation
2025-10-01 19:30:13,711 - AEGIS-X.EliteVerificationEngine - INFO - 🚫 Layer 6: False Positive Elimination
2025-10-01 19:30:13,711 - AEGIS-X.EliteVerificationEngine - INFO - 🎯 Vulnerability-specific verification for cross-site scripting (xss)
2025-10-01 19:30:13,711 - AEGIS-X.EliteVerificationEngine - INFO - ✅ Elite verification complete for mutated_xss_0e1c88df_33: False (confidence: 0.35)
2025-10-01 19:30:13,711 - AEGIS-X.EliteVerificationEngine - INFO - 🔍 Starting elite verification for vulnerability: Reflected XSS in q parameter
2025-10-01 19:30:13,711 - AEGIS-X.EliteVerificationEngine - INFO - 🎯 Layer 1: Payload Validation
2025-10-01 19:30:13,711 - AEGIS-X.EliteVerificationEngine - INFO - 📊 Layer 2: Response Analysis
2025-10-01 19:30:13,712 - AEGIS-X.EliteVerificationEngine - INFO - 🌐 Layer 3: Behavioral Verification
2025-10-01 19:30:13,746 - AEGIS-X.EliteVerificationEngine - INFO - 💥 Layer 4: Impact Simulation
2025-10-01 19:30:13,746 - AEGIS-X.EliteVerificationEngine - INFO - 🔗 Layer 5: Exploit Chain Validation
2025-10-01 19:30:13,746 - AEGIS-X.EliteVerificationEngine - INFO - 🚫 Layer 6: False Positive Elimination
2025-10-01 19:30:13,746 - AEGIS-X.EliteVerificationEngine - INFO - 🎯 Vulnerability-specific verification for cross-site scripting (xss)
2025-10-01 19:30:13,747 - AEGIS-X.EliteVerificationEngine - INFO - ✅ Elite verification complete for mutated_xss_0e1c88df_34: False (confidence: 0.35)
2025-10-01 19:30:13,747 - AEGIS-X.EliteVerificationEngine - INFO - 🔍 Starting elite verification for vulnerability: Reflected XSS in q parameter
2025-10-01 19:30:13,747 - AEGIS-X.EliteVerificationEngine - INFO - 🎯 Layer 1: Payload Validation
2025-10-01 19:30:13,747 - AEGIS-X.EliteVerificationEngine - INFO - 📊 Layer 2: Response Analysis
2025-10-01 19:30:13,748 - AEGIS-X.EliteVerificationEngine - INFO - 🌐 Layer 3: Behavioral Verification
2025-10-01 19:30:13,755 - AEGIS-X.EliteVerificationEngine - INFO - 💥 Layer 4: Impact Simulation
2025-10-01 19:30:13,755 - AEGIS-X.EliteVerificationEngine - INFO - 🔗 Layer 5: Exploit Chain Validation
2025-10-01 19:30:13,755 - AEGIS-X.EliteVerificationEngine - INFO - 🚫 Layer 6: False Positive Elimination
2025-10-01 19:30:13,755 - AEGIS-X.EliteVerificationEngine - INFO - 🎯 Vulnerability-specific verification for cross-site scripting (xss)
2025-10-01 19:30:13,755 - AEGIS-X.EliteVerificationEngine - INFO - ✅ Elite verification complete for mutated_xss_ab19f9ed_35: False (confidence: 0.35)
2025-10-01 19:30:13,755 - AEGIS-X.EliteVerificationEngine - INFO - 🔍 Starting elite verification for vulnerability: Reflected XSS in q parameter
2025-10-01 19:30:13,755 - AEGIS-X.EliteVerificationEngine - INFO - 🎯 Layer 1: Payload Validation
2025-10-01 19:30:13,755 - AEGIS-X.EliteVerificationEngine - INFO - 📊 Layer 2: Response Analysis
2025-10-01 19:30:13,756 - AEGIS-X.EliteVerificationEngine - INFO - 🌐 Layer 3: Behavioral Verification
2025-10-01 19:30:13,790 - AEGIS-X.EliteVerificationEngine - INFO - 💥 Layer 4: Impact Simulation
2025-10-01 19:30:13,790 - AEGIS-X.EliteVerificationEngine - INFO - 🔗 Layer 5: Exploit Chain Validation
2025-10-01 19:30:13,790 - AEGIS-X.EliteVerificationEngine - INFO - 🚫 Layer 6: False Positive Elimination
2025-10-01 19:30:13,791 - AEGIS-X.EliteVerificationEngine - INFO - 🎯 Vulnerability-specific verification for cross-site scripting (xss)
2025-10-01 19:30:13,791 - AEGIS-X.EliteVerificationEngine - INFO - ✅ Elite verification complete for mutated_xss_ab19f9ed_36: False (confidence: 0.35)
2025-10-01 19:30:13,791 - AEGIS-X.EliteVerificationEngine - INFO - 🔍 Starting elite verification for vulnerability: Reflected XSS in q parameter
2025-10-01 19:30:13,791 - AEGIS-X.EliteVerificationEngine - INFO - 🎯 Layer 1: Payload Validation
2025-10-01 19:30:13,791 - AEGIS-X.EliteVerificationEngine - INFO - 📊 Layer 2: Response Analysis
2025-10-01 19:30:13,792 - AEGIS-X.EliteVerificationEngine - INFO - 🌐 Layer 3: Behavioral Verification
2025-10-01 19:30:13,804 - AEGIS-X.EliteVerificationEngine - INFO - 💥 Layer 4: Impact Simulation
2025-10-01 19:30:13,804 - AEGIS-X.EliteVerificationEngine - INFO - 🔗 Layer 5: Exploit Chain Validation
2025-10-01 19:30:13,804 - AEGIS-X.EliteVerificationEngine - INFO - 🚫 Layer 6: False Positive Elimination
2025-10-01 19:30:13,804 - AEGIS-X.EliteVerificationEngine - INFO - 🎯 Vulnerability-specific verification for cross-site scripting (xss)
2025-10-01 19:30:13,804 - AEGIS-X.EliteVerificationEngine - INFO - ✅ Elite verification complete for mutated_xss_ab19f9ed_37: False (confidence: 0.35)
2025-10-01 19:30:13,804 - AEGIS-X.EliteVerificationEngine - INFO - 🔍 Starting elite verification for vulnerability: Reflected XSS in q parameter
2025-10-01 19:30:13,804 - AEGIS-X.EliteVerificationEngine - INFO - 🎯 Layer 1: Payload Validation
2025-10-01 19:30:13,804 - AEGIS-X.EliteVerificationEngine - INFO - 📊 Layer 2: Response Analysis
2025-10-01 19:30:13,806 - AEGIS-X.EliteVerificationEngine - INFO - 🌐 Layer 3: Behavioral Verification
2025-10-01 19:30:13,840 - AEGIS-X.EliteVerificationEngine - INFO - 💥 Layer 4: Impact Simulation
2025-10-01 19:30:13,841 - AEGIS-X.EliteVerificationEngine - INFO - 🔗 Layer 5: Exploit Chain Validation
2025-10-01 19:30:13,841 - AEGIS-X.EliteVerificationEngine - INFO - 🚫 Layer 6: False Positive Elimination
2025-10-01 19:30:13,841 - AEGIS-X.EliteVerificationEngine - INFO - 🎯 Vulnerability-specific verification for cross-site scripting (xss)
2025-10-01 19:30:13,841 - AEGIS-X.EliteVerificationEngine - INFO - ✅ Elite verification complete for mutated_xss_ab19f9ed_38: False (confidence: 0.35)
2025-10-01 19:30:13,841 - AEGIS-X.EliteVerificationEngine - INFO - 🔍 Starting elite verification for vulnerability: Reflected XSS in q parameter
2025-10-01 19:30:13,841 - AEGIS-X.EliteVerificationEngine - INFO - 🎯 Layer 1: Payload Validation
2025-10-01 19:30:13,841 - AEGIS-X.EliteVerificationEngine - INFO - 📊 Layer 2: Response Analysis
2025-10-01 19:30:13,843 - AEGIS-X.EliteVerificationEngine - INFO - 🌐 Layer 3: Behavioral Verification
2025-10-01 19:30:13,849 - AEGIS-X.EliteVerificationEngine - INFO - 💥 Layer 4: Impact Simulation
2025-10-01 19:30:13,849 - AEGIS-X.EliteVerificationEngine - INFO - 🔗 Layer 5: Exploit Chain Validation
2025-10-01 19:30:13,849 - AEGIS-X.EliteVerificationEngine - INFO - 🚫 Layer 6: False Positive Elimination
2025-10-01 19:30:13,849 - AEGIS-X.EliteVerificationEngine - INFO - 🎯 Vulnerability-specific verification for cross-site scripting (xss)
2025-10-01 19:30:13,849 - AEGIS-X.EliteVerificationEngine - INFO - ✅ Elite verification complete for mutated_xss_ab19f9ed_39: False (confidence: 0.35)
2025-10-01 19:30:13,849 - AEGIS-X.EliteVerificationEngine - INFO - 🔍 Starting elite verification for vulnerability: Reflected XSS in q parameter
2025-10-01 19:30:13,849 - AEGIS-X.EliteVerificationEngine - INFO - 🎯 Layer 1: Payload Validation
2025-10-01 19:30:13,849 - AEGIS-X.EliteVerificationEngine - INFO - 📊 Layer 2: Response Analysis
2025-10-01 19:30:13,851 - AEGIS-X.EliteVerificationEngine - INFO - 🌐 Layer 3: Behavioral Verification
2025-10-01 19:30:13,884 - AEGIS-X.EliteVerificationEngine - INFO - 💥 Layer 4: Impact Simulation
2025-10-01 19:30:13,884 - AEGIS-X.EliteVerificationEngine - INFO - 🔗 Layer 5: Exploit Chain Validation
2025-10-01 19:30:13,884 - AEGIS-X.EliteVerificationEngine - INFO - 🚫 Layer 6: False Positive Elimination
2025-10-01 19:30:13,884 - AEGIS-X.EliteVerificationEngine - INFO - 🎯 Vulnerability-specific verification for cross-site scripting (xss)
2025-10-01 19:30:13,884 - AEGIS-X.EliteVerificationEngine - INFO - ✅ Elite verification complete for mutated_xss_24fcc852_40: False (confidence: 0.35)
2025-10-01 19:30:13,884 - AEGIS-X.EliteVerificationEngine - INFO - 🔍 Starting elite verification for vulnerability: Reflected XSS in q parameter
2025-10-01 19:30:13,884 - AEGIS-X.EliteVerificationEngine - INFO - 🎯 Layer 1: Payload Validation
2025-10-01 19:30:13,884 - AEGIS-X.EliteVerificationEngine - INFO - 📊 Layer 2: Response Analysis
2025-10-01 19:30:13,886 - AEGIS-X.EliteVerificationEngine - INFO - 🌐 Layer 3: Behavioral Verification
2025-10-01 19:30:13,898 - AEGIS-X.EliteVerificationEngine - INFO - 💥 Layer 4: Impact Simulation
2025-10-01 19:30:13,898 - AEGIS-X.EliteVerificationEngine - INFO - 🔗 Layer 5: Exploit Chain Validation
2025-10-01 19:30:13,899 - AEGIS-X.EliteVerificationEngine - INFO - 🚫 Layer 6: False Positive Elimination
2025-10-01 19:30:13,899 - AEGIS-X.EliteVerificationEngine - INFO - 🎯 Vulnerability-specific verification for cross-site scripting (xss)
2025-10-01 19:30:13,899 - AEGIS-X.EliteVerificationEngine - INFO - ✅ Elite verification complete for mutated_xss_24fcc852_41: False (confidence: 0.35)
2025-10-01 19:30:13,899 - AEGIS-X.EliteVerificationEngine - INFO - 🔍 Starting elite verification for vulnerability: Reflected XSS in q parameter
2025-10-01 19:30:13,899 - AEGIS-X.EliteVerificationEngine - INFO - 🎯 Layer 1: Payload Validation
2025-10-01 19:30:13,899 - AEGIS-X.EliteVerificationEngine - INFO - 📊 Layer 2: Response Analysis
2025-10-01 19:30:13,901 - AEGIS-X.EliteVerificationEngine - INFO - 🌐 Layer 3: Behavioral Verification
2025-10-01 19:30:13,935 - AEGIS-X.EliteVerificationEngine - INFO - 💥 Layer 4: Impact Simulation
2025-10-01 19:30:13,935 - AEGIS-X.EliteVerificationEngine - INFO - 🔗 Layer 5: Exploit Chain Validation
2025-10-01 19:30:13,935 - AEGIS-X.EliteVerificationEngine - INFO - 🚫 Layer 6: False Positive Elimination
2025-10-01 19:30:13,936 - AEGIS-X.EliteVerificationEngine - INFO - 🎯 Vulnerability-specific verification for cross-site scripting (xss)
2025-10-01 19:30:13,936 - AEGIS-X.EliteVerificationEngine - INFO - ✅ Elite verification complete for mutated_xss_24fcc852_42: False (confidence: 0.35)
2025-10-01 19:30:13,936 - AEGIS-X.EliteVerificationEngine - INFO - 🔍 Starting elite verification for vulnerability: Reflected XSS in q parameter
2025-10-01 19:30:13,936 - AEGIS-X.EliteVerificationEngine - INFO - 🎯 Layer 1: Payload Validation
2025-10-01 19:30:13,936 - AEGIS-X.EliteVerificationEngine - INFO - 📊 Layer 2: Response Analysis
2025-10-01 19:30:13,938 - AEGIS-X.EliteVerificationEngine - INFO - 🌐 Layer 3: Behavioral Verification
2025-10-01 19:30:13,944 - AEGIS-X.EliteVerificationEngine - INFO - 💥 Layer 4: Impact Simulation
2025-10-01 19:30:13,944 - AEGIS-X.EliteVerificationEngine - INFO - 🔗 Layer 5: Exploit Chain Validation
2025-10-01 19:30:13,945 - AEGIS-X.EliteVerificationEngine - INFO - 🚫 Layer 6: False Positive Elimination
2025-10-01 19:30:13,945 - AEGIS-X.EliteVerificationEngine - INFO - 🎯 Vulnerability-specific verification for cross-site scripting (xss)
2025-10-01 19:30:13,945 - AEGIS-X.EliteVerificationEngine - INFO - ✅ Elite verification complete for mutated_xss_24fcc852_43: False (confidence: 0.35)
2025-10-01 19:30:13,945 - AEGIS-X.EliteVerificationEngine - INFO - 🔍 Starting elite verification for vulnerability: Reflected XSS in q parameter
2025-10-01 19:30:13,945 - AEGIS-X.EliteVerificationEngine - INFO - 🎯 Layer 1: Payload Validation
2025-10-01 19:30:13,945 - AEGIS-X.EliteVerificationEngine - INFO - 📊 Layer 2: Response Analysis
2025-10-01 19:30:13,946 - AEGIS-X.EliteVerificationEngine - INFO - 🌐 Layer 3: Behavioral Verification
2025-10-01 19:30:13,984 - AEGIS-X.EliteVerificationEngine - INFO - 💥 Layer 4: Impact Simulation
2025-10-01 19:30:13,985 - AEGIS-X.EliteVerificationEngine - INFO - 🔗 Layer 5: Exploit Chain Validation
2025-10-01 19:30:13,985 - AEGIS-X.EliteVerificationEngine - INFO - 🚫 Layer 6: False Positive Elimination
2025-10-01 19:30:13,985 - AEGIS-X.EliteVerificationEngine - INFO - 🎯 Vulnerability-specific verification for cross-site scripting (xss)
2025-10-01 19:30:13,985 - AEGIS-X.EliteVerificationEngine - INFO - ✅ Elite verification complete for mutated_xss_24fcc852_44: False (confidence: 0.35)
2025-10-01 19:30:13,985 - AEGIS-X.EliteVerificationEngine - INFO - 🔍 Starting elite verification for vulnerability: Reflected XSS in q parameter
2025-10-01 19:30:13,985 - AEGIS-X.EliteVerificationEngine - INFO - 🎯 Layer 1: Payload Validation
2025-10-01 19:30:13,985 - AEGIS-X.EliteVerificationEngine - INFO - 📊 Layer 2: Response Analysis
2025-10-01 19:30:13,986 - AEGIS-X.EliteVerificationEngine - INFO - 🌐 Layer 3: Behavioral Verification
2025-10-01 19:30:13,992 - AEGIS-X.EliteVerificationEngine - INFO - 💥 Layer 4: Impact Simulation
2025-10-01 19:30:13,992 - AEGIS-X.EliteVerificationEngine - INFO - 🔗 Layer 5: Exploit Chain Validation
2025-10-01 19:30:13,992 - AEGIS-X.EliteVerificationEngine - INFO - 🚫 Layer 6: False Positive Elimination
2025-10-01 19:30:13,992 - AEGIS-X.EliteVerificationEngine - INFO - 🎯 Vulnerability-specific verification for cross-site scripting (xss)
2025-10-01 19:30:13,992 - AEGIS-X.EliteVerificationEngine - INFO - ✅ Elite verification complete for mutated_xss_41de20be_45: False (confidence: 0.35)
2025-10-01 19:30:13,993 - AEGIS-X.EliteVerificationEngine - INFO - 🔍 Starting elite verification for vulnerability: Reflected XSS in q parameter
2025-10-01 19:30:13,993 - AEGIS-X.EliteVerificationEngine - INFO - 🎯 Layer 1: Payload Validation
2025-10-01 19:30:13,993 - AEGIS-X.EliteVerificationEngine - INFO - 📊 Layer 2: Response Analysis
2025-10-01 19:30:13,994 - AEGIS-X.EliteVerificationEngine - INFO - 🌐 Layer 3: Behavioral Verification
2025-10-01 19:30:14,030 - AEGIS-X.EliteVerificationEngine - INFO - 💥 Layer 4: Impact Simulation
2025-10-01 19:30:14,030 - AEGIS-X.EliteVerificationEngine - INFO - 🔗 Layer 5: Exploit Chain Validation
2025-10-01 19:30:14,031 - AEGIS-X.EliteVerificationEngine - INFO - 🚫 Layer 6: False Positive Elimination
2025-10-01 19:30:14,031 - AEGIS-X.EliteVerificationEngine - INFO - 🎯 Vulnerability-specific verification for cross-site scripting (xss)
2025-10-01 19:30:14,031 - AEGIS-X.EliteVerificationEngine - INFO - ✅ Elite verification complete for mutated_xss_41de20be_46: False (confidence: 0.35)
2025-10-01 19:30:14,031 - AEGIS-X.EliteVerificationEngine - INFO - 🔍 Starting elite verification for vulnerability: Reflected XSS in q parameter
2025-10-01 19:30:14,031 - AEGIS-X.EliteVerificationEngine - INFO - 🎯 Layer 1: Payload Validation
2025-10-01 19:30:14,031 - AEGIS-X.EliteVerificationEngine - INFO - 📊 Layer 2: Response Analysis
2025-10-01 19:30:14,033 - AEGIS-X.EliteVerificationEngine - INFO - 🌐 Layer 3: Behavioral Verification
2025-10-01 19:30:14,039 - AEGIS-X.EliteVerificationEngine - INFO - 💥 Layer 4: Impact Simulation
2025-10-01 19:30:14,039 - AEGIS-X.EliteVerificationEngine - INFO - 🔗 Layer 5: Exploit Chain Validation
2025-10-01 19:30:14,039 - AEGIS-X.EliteVerificationEngine - INFO - 🚫 Layer 6: False Positive Elimination
2025-10-01 19:30:14,039 - AEGIS-X.EliteVerificationEngine - INFO - 🎯 Vulnerability-specific verification for cross-site scripting (xss)
2025-10-01 19:30:14,039 - AEGIS-X.EliteVerificationEngine - INFO - ✅ Elite verification complete for mutated_xss_41de20be_47: False (confidence: 0.35)
2025-10-01 19:30:14,039 - AEGIS-X.EliteVerificationEngine - INFO - 🔍 Starting elite verification for vulnerability: Reflected XSS in q parameter
2025-10-01 19:30:14,039 - AEGIS-X.EliteVerificationEngine - INFO - 🎯 Layer 1: Payload Validation
2025-10-01 19:30:14,039 - AEGIS-X.EliteVerificationEngine - INFO - 📊 Layer 2: Response Analysis
2025-10-01 19:30:14,041 - AEGIS-X.EliteVerificationEngine - INFO - 🌐 Layer 3: Behavioral Verification
2025-10-01 19:30:14,074 - AEGIS-X.EliteVerificationEngine - INFO - 💥 Layer 4: Impact Simulation
2025-10-01 19:30:14,074 - AEGIS-X.EliteVerificationEngine - INFO - 🔗 Layer 5: Exploit Chain Validation
2025-10-01 19:30:14,074 - AEGIS-X.EliteVerificationEngine - INFO - 🚫 Layer 6: False Positive Elimination
2025-10-01 19:30:14,074 - AEGIS-X.EliteVerificationEngine - INFO - 🎯 Vulnerability-specific verification for cross-site scripting (xss)
2025-10-01 19:30:14,074 - AEGIS-X.EliteVerificationEngine - INFO - ✅ Elite verification complete for mutated_xss_41de20be_48: False (confidence: 0.35)
2025-10-01 19:30:14,074 - AEGIS-X.EliteVerificationEngine - INFO - 🔍 Starting elite verification for vulnerability: Reflected XSS in q parameter
2025-10-01 19:30:14,074 - AEGIS-X.EliteVerificationEngine - INFO - 🎯 Layer 1: Payload Validation
2025-10-01 19:30:14,074 - AEGIS-X.EliteVerificationEngine - INFO - 📊 Layer 2: Response Analysis
2025-10-01 19:30:14,076 - AEGIS-X.EliteVerificationEngine - INFO - 🌐 Layer 3: Behavioral Verification
2025-10-01 19:30:14,083 - AEGIS-X.EliteVerificationEngine - INFO - 💥 Layer 4: Impact Simulation
2025-10-01 19:30:14,083 - AEGIS-X.EliteVerificationEngine - INFO - 🔗 Layer 5: Exploit Chain Validation
2025-10-01 19:30:14,084 - AEGIS-X.EliteVerificationEngine - INFO - 🚫 Layer 6: False Positive Elimination
2025-10-01 19:30:14,084 - AEGIS-X.EliteVerificationEngine - INFO - 🎯 Vulnerability-specific verification for cross-site scripting (xss)
2025-10-01 19:30:14,084 - AEGIS-X.EliteVerificationEngine - INFO - ✅ Elite verification complete for mutated_xss_41de20be_49: False (confidence: 0.35)
2025-10-01 19:30:14,084 - __main__ - INFO - 🔍 Advanced verification complete: 17 vulnerabilities verified
2025-10-01 19:30:14,084 - __main__ - INFO - 🥷 PHASE 4: STEALTH ANALYSIS
2025-10-01 19:30:14,085 - __main__ - INFO - 🥷 Stealth analysis complete: 0.0% success rate
2025-10-01 19:30:14,085 - __main__ - INFO - ✅ PHASE 5: SUCCESS VALIDATION
2025-10-01 19:30:14,085 - __main__ - INFO - 📋 PHASE 6: ULTIMATE REPORTING
2025-10-01 19:30:14,095 - __main__ - ERROR - ❌ Report generation failed: [Errno 2] No such file or directory: 'output/ultimate_report_http_//localhost_12005_1759347014.json'
2025-10-01 19:30:14,096 - __main__ - INFO - 🔥🔥🔥🔥🔥🔥🔥🔥🔥🔥🔥🔥🔥🔥🔥🔥🔥🔥🔥🔥🔥🔥🔥🔥🔥🔥🔥🔥🔥🔥🔥🔥🔥🔥🔥🔥🔥🔥🔥🔥🔥🔥🔥🔥🔥🔥🔥🔥🔥🔥🔥🔥🔥🔥🔥🔥🔥🔥🔥🔥
2025-10-01 19:30:14,096 - __main__ - INFO - 🎉 ULTIMATE AEGIS-X CAMPAIGN COMPLETED
2025-10-01 19:30:14,096 - __main__ - INFO - 🔥🔥🔥🔥🔥🔥🔥🔥🔥🔥🔥🔥🔥🔥🔥🔥🔥🔥🔥🔥🔥🔥🔥🔥🔥🔥🔥🔥🔥🔥🔥🔥🔥🔥🔥🔥🔥🔥🔥🔥🔥🔥🔥🔥🔥🔥🔥🔥🔥🔥🔥🔥🔥🔥🔥🔥🔥🔥🔥🔥
2025-10-01 19:30:14,096 - __main__ - INFO - 📊 ULTIMATE RESULTS:
2025-10-01 19:30:14,096 - __main__ - INFO -    🎯 Total Discovered: 68
2025-10-01 19:30:14,096 - __main__ - INFO -    ✅ Total Verified: 17
2025-10-01 19:30:14,096 - __main__ - INFO -    📈 Verification Rate: 25.0%
2025-10-01 19:30:14,096 - __main__ - INFO -    ⚠️ High: 16
2025-10-01 19:30:14,096 - __main__ - INFO -    📊 Medium: 1
2025-10-01 19:30:14,096 - __main__ - INFO -    🎯 Success Rate: 25.0%
2025-10-01 19:30:14,096 - __main__ - INFO -    ✅ Criteria Passed: 2/8
2025-10-01 19:30:14,096 - __main__ - WARNING - ⚠️ PARTIAL SUCCESS - ROOM FOR IMPROVEMENT
2025-10-01 19:30:14,096 - __main__ - INFO - 🔥🔥🔥🔥🔥🔥🔥🔥🔥🔥🔥🔥🔥🔥🔥🔥🔥🔥🔥🔥🔥🔥🔥🔥🔥🔥🔥🔥🔥🔥🔥🔥🔥🔥🔥🔥🔥🔥🔥🔥🔥🔥🔥🔥🔥🔥🔥🔥🔥🔥🔥🔥🔥🔥🔥🔥🔥🔥🔥🔥
2025-10-01 19:30:14,120 - asyncio - ERROR - Unclosed client session
client_session: <aiohttp.client.ClientSession object at 0x793df050e870>
2025-10-01 19:30:14,120 - asyncio - ERROR - Unclosed client session
client_session: <aiohttp.client.ClientSession object at 0x793df0686210>
2025-10-01 19:30:52,583 - __main__ - INFO - 🔥 Initializing AEGIS-X Ultimate Master System...
2025-10-01 19:30:53,161 - __main__ - INFO - 🚀 AEGIS-X Ultimate Master System v7.0 initialized
2025-10-01 19:30:53,161 - __main__ - INFO - 📊 Payload Arsenal: 100,000 patterns loaded
2025-10-01 19:30:53,161 - __main__ - INFO - 🥷 Stealth Engine: 4 profiles available
2025-10-01 19:30:53,161 - __main__ - INFO - 🤖 AI Trainer: 9 methodologies loaded
2025-10-01 19:30:53,162 - __main__ - INFO - 🔥🔥🔥🔥🔥🔥🔥🔥🔥🔥🔥🔥🔥🔥🔥🔥🔥🔥🔥🔥🔥🔥🔥🔥🔥🔥🔥🔥🔥🔥🔥🔥🔥🔥🔥🔥🔥🔥🔥🔥🔥🔥🔥🔥🔥🔥🔥🔥🔥🔥🔥🔥🔥🔥🔥🔥🔥🔥🔥🔥
2025-10-01 19:30:53,162 - __main__ - INFO - 🚀 STARTING ULTIMATE AEGIS-X CAMPAIGN v7.0
2025-10-01 19:30:53,162 - __main__ - INFO - 🔥🔥🔥🔥🔥🔥🔥🔥🔥🔥🔥🔥🔥🔥🔥🔥🔥🔥🔥🔥🔥🔥🔥🔥🔥🔥🔥🔥🔥🔥🔥🔥🔥🔥🔥🔥🔥🔥🔥🔥🔥🔥🔥🔥🔥🔥🔥🔥🔥🔥🔥🔥🔥🔥🔥🔥🔥🔥🔥🔥
2025-10-01 19:30:53,162 - __main__ - INFO - 📊 Campaign ID: ultimate_campaign_1759347052
2025-10-01 19:30:53,162 - __main__ - INFO - 🎯 Target: http://localhost:12005
2025-10-01 19:30:53,162 - __main__ - INFO - ⏰ Time Limit: 5 minutes
2025-10-01 19:30:53,162 - __main__ - INFO - 🥷 Stealth Profile: ghost
2025-10-01 19:30:53,162 - __main__ - INFO - 🤖 AI Training: True
2025-10-01 19:30:53,162 - __main__ - INFO - 💀 Payload Arsenal: 100,000 patterns
2025-10-01 19:30:53,162 - __main__ - INFO - 🎯 Success Criteria: {'min_critical_vulns': 5, 'min_high_vulns': 10, 'min_medium_vulns': 25, 'min_total_vulns': 40, 'min_verified_rate': 0.8, 'min_confidence_score': 0.75, 'min_exploitability_score': 0.6, 'min_exceptional_vulns': 1}
2025-10-01 19:30:53,162 - __main__ - INFO - 💀 GUARANTEED TO FIND EXCEPTIONAL VULNERABILITIES
2025-10-01 19:30:53,162 - __main__ - INFO - 🔥🔥🔥🔥🔥🔥🔥🔥🔥🔥🔥🔥🔥🔥🔥🔥🔥🔥🔥🔥🔥🔥🔥🔥🔥🔥🔥🔥🔥🔥🔥🔥🔥🔥🔥🔥🔥🔥🔥🔥🔥🔥🔥🔥🔥🔥🔥🔥🔥🔥🔥🔥🔥🔥🔥🔥🔥🔥🔥🔥
2025-10-01 19:30:53,162 - AEGIS-X.EliteVulnerabilityEngine - INFO - 🔥 Elite Vulnerability Engine initialized
2025-10-01 19:30:53,162 - AEGIS-X.EliteVulnerabilityEngine - INFO - 🎯 Loaded 154 elite payloads
2025-10-01 19:30:53,162 - AEGIS-X.EliteVulnerabilityEngine - INFO - 🔍 Configured 16 reconnaissance techniques
2025-10-01 19:30:53,173 - __main__ - INFO - 💉 Injected 100,000 ultimate payloads into vulnerability engine
2025-10-01 19:30:53,175 - AEGIS-X.EliteVerificationEngine - INFO - 🔥 Elite Verification Engine initialized
2025-10-01 19:30:53,175 - AEGIS-X.EliteVerificationEngine - INFO - 🔍 Configured 6 verification layers
2025-10-01 19:30:53,175 - AEGIS-X.EliteVerificationEngine - INFO - 🎯 Loaded 10 vulnerability-specific techniques
2025-10-01 19:30:53,175 - __main__ - INFO - ⚡ All engines initialized successfully
2025-10-01 19:30:53,175 - core.stealth_evasion_engine - INFO - 🥷 Stealth profile set to: ghost
2025-10-01 19:30:53,175 - __main__ - INFO - 🤖 PHASE 1: AI AGENT TRAINING & RECONNAISSANCE
2025-10-01 19:30:53,175 - __main__ - INFO - 🤖 AI Agent provided 5 methodology recommendations
2025-10-01 19:30:53,175 - core.ai_agent_trainer - INFO - 🎯 Starting agent training with scenario: E-commerce Platform Assessment
2025-10-01 19:30:53,180 - __main__ - INFO - 🎯 AI Training completed: 100.0% success rate
2025-10-01 19:30:53,180 - __main__ - INFO - ⚡ PHASE 2: ULTIMATE VULNERABILITY DISCOVERY
2025-10-01 19:30:53,180 - AEGIS-X.EliteVulnerabilityEngine - INFO - 🔍 Starting elite reconnaissance for http://localhost:12005
2025-10-01 19:30:58,922 - AEGIS-X.EliteVulnerabilityEngine - ERROR - SSL certificate analysis failed: [Errno 99] Cannot assign requested address
2025-10-01 19:30:59,201 - AEGIS-X.EliteVulnerabilityEngine - INFO - 🔗 Found endpoint: http://localhost:12005/ (200)
2025-10-01 19:30:59,202 - AEGIS-X.EliteVulnerabilityEngine - INFO - 🔗 Found endpoint: http://localhost:12005/admin (200)
2025-10-01 19:30:59,233 - AEGIS-X.EliteVulnerabilityEngine - INFO - 🔗 Found endpoint: http://localhost:12005/search (200)
2025-10-01 19:30:59,264 - AEGIS-X.EliteVulnerabilityEngine - INFO - 🔍 Elite reconnaissance complete:
2025-10-01 19:30:59,264 - AEGIS-X.EliteVulnerabilityEngine - INFO -    🌐 Subdomains: 0
2025-10-01 19:30:59,264 - AEGIS-X.EliteVulnerabilityEngine - INFO -    🔗 Endpoints: 3
2025-10-01 19:30:59,265 - AEGIS-X.EliteVulnerabilityEngine - INFO -    📝 Parameters: 53
2025-10-01 19:30:59,265 - AEGIS-X.EliteVulnerabilityEngine - INFO -    🛠️ Technologies: 1
2025-10-01 19:30:59,265 - AEGIS-X.EliteVulnerabilityEngine - INFO -    📋 Forms: 3
2025-10-01 19:30:59,265 - AEGIS-X.EliteVulnerabilityEngine - INFO -    📄 Interesting files: 0
2025-10-01 19:30:59,265 - AEGIS-X.EliteVulnerabilityEngine - INFO - 🎯 Starting elite vulnerability testing for http://localhost:12005
2025-10-01 19:31:04,004 - AEGIS-X.EliteVulnerabilityEngine - INFO - 🎯 Elite vulnerability testing complete: 18 vulnerabilities found
2025-10-01 19:31:04,005 - __main__ - INFO - ⚡ Ultimate discovery complete: 18 vulnerabilities found
2025-10-01 19:31:04,009 - __main__ - INFO - 🧬 Payload mutations applied: 18 → 68 vulnerabilities
2025-10-01 19:31:04,010 - __main__ - INFO - 🔍 PHASE 3: ADVANCED VERIFICATION
2025-10-01 19:31:04,010 - AEGIS-X.EliteVerificationEngine - INFO - 🔍 Starting elite verification for vulnerability: Reflected XSS in q parameter
2025-10-01 19:31:04,295 - AEGIS-X.EliteVerificationEngine - INFO - ✅ Browser driver initialized for behavioral verification
2025-10-01 19:31:04,295 - AEGIS-X.EliteVerificationEngine - INFO - 🎯 Layer 1: Payload Validation
2025-10-01 19:31:04,298 - AEGIS-X.EliteVerificationEngine - INFO - 📊 Layer 2: Response Analysis
2025-10-01 19:31:04,299 - AEGIS-X.EliteVerificationEngine - INFO - 🌐 Layer 3: Behavioral Verification
2025-10-01 19:31:04,348 - AEGIS-X.EliteVerificationEngine - INFO - 💥 Layer 4: Impact Simulation
2025-10-01 19:31:04,348 - AEGIS-X.EliteVerificationEngine - INFO - 🔗 Layer 5: Exploit Chain Validation
2025-10-01 19:31:04,348 - AEGIS-X.EliteVerificationEngine - INFO - 🚫 Layer 6: False Positive Elimination
2025-10-01 19:31:04,348 - AEGIS-X.EliteVerificationEngine - INFO - 🎯 Vulnerability-specific verification for cross-site scripting (xss)
2025-10-01 19:31:04,348 - AEGIS-X.EliteVerificationEngine - INFO - ✅ Elite verification complete for xss_fd8547cf: True (confidence: 0.80)
2025-10-01 19:31:04,348 - AEGIS-X.EliteVerificationEngine - INFO - 🔍 Starting elite verification for vulnerability: Reflected XSS in q parameter
2025-10-01 19:31:04,348 - AEGIS-X.EliteVerificationEngine - INFO - 🎯 Layer 1: Payload Validation
2025-10-01 19:31:04,349 - AEGIS-X.EliteVerificationEngine - INFO - 📊 Layer 2: Response Analysis
2025-10-01 19:31:04,350 - AEGIS-X.EliteVerificationEngine - INFO - 🌐 Layer 3: Behavioral Verification
2025-10-01 19:31:04,356 - AEGIS-X.EliteVerificationEngine - INFO - 💥 Layer 4: Impact Simulation
2025-10-01 19:31:04,357 - AEGIS-X.EliteVerificationEngine - INFO - 🔗 Layer 5: Exploit Chain Validation
2025-10-01 19:31:04,357 - AEGIS-X.EliteVerificationEngine - INFO - 🚫 Layer 6: False Positive Elimination
2025-10-01 19:31:04,357 - AEGIS-X.EliteVerificationEngine - INFO - 🎯 Vulnerability-specific verification for cross-site scripting (xss)
2025-10-01 19:31:04,357 - AEGIS-X.EliteVerificationEngine - INFO - ✅ Elite verification complete for xss_1858ce13: True (confidence: 0.80)
2025-10-01 19:31:04,357 - AEGIS-X.EliteVerificationEngine - INFO - 🔍 Starting elite verification for vulnerability: Reflected XSS in q parameter
2025-10-01 19:31:04,357 - AEGIS-X.EliteVerificationEngine - INFO - 🎯 Layer 1: Payload Validation
2025-10-01 19:31:04,358 - AEGIS-X.EliteVerificationEngine - INFO - 📊 Layer 2: Response Analysis
2025-10-01 19:31:04,359 - AEGIS-X.EliteVerificationEngine - INFO - 🌐 Layer 3: Behavioral Verification
2025-10-01 19:31:04,396 - AEGIS-X.EliteVerificationEngine - INFO - 💥 Layer 4: Impact Simulation
2025-10-01 19:31:04,396 - AEGIS-X.EliteVerificationEngine - INFO - 🔗 Layer 5: Exploit Chain Validation
2025-10-01 19:31:04,396 - AEGIS-X.EliteVerificationEngine - INFO - 🚫 Layer 6: False Positive Elimination
2025-10-01 19:31:04,396 - AEGIS-X.EliteVerificationEngine - INFO - 🎯 Vulnerability-specific verification for cross-site scripting (xss)
2025-10-01 19:31:04,396 - AEGIS-X.EliteVerificationEngine - INFO - ✅ Elite verification complete for xss_817f8f8b: True (confidence: 0.80)
2025-10-01 19:31:04,396 - AEGIS-X.EliteVerificationEngine - INFO - 🔍 Starting elite verification for vulnerability: Reflected XSS in q parameter
2025-10-01 19:31:04,396 - AEGIS-X.EliteVerificationEngine - INFO - 🎯 Layer 1: Payload Validation
2025-10-01 19:31:34,857 - AEGIS-X.EliteVerificationEngine - INFO - 📊 Layer 2: Response Analysis
2025-10-01 19:32:05,856 - AEGIS-X.EliteVerificationEngine - INFO - 🌐 Layer 3: Behavioral Verification
2025-10-01 19:32:05,863 - AEGIS-X.EliteVerificationEngine - INFO - 💥 Layer 4: Impact Simulation
2025-10-01 19:32:05,863 - AEGIS-X.EliteVerificationEngine - INFO - 🔗 Layer 5: Exploit Chain Validation
2025-10-01 19:32:05,863 - AEGIS-X.EliteVerificationEngine - INFO - 🚫 Layer 6: False Positive Elimination
2025-10-01 19:32:05,863 - AEGIS-X.EliteVerificationEngine - INFO - 🎯 Vulnerability-specific verification for cross-site scripting (xss)
2025-10-01 19:32:05,863 - AEGIS-X.EliteVerificationEngine - INFO - ✅ Elite verification complete for xss_4ea2abf7: False (confidence: 0.00)
2025-10-01 19:32:05,863 - AEGIS-X.EliteVerificationEngine - INFO - 🔍 Starting elite verification for vulnerability: Reflected XSS in q parameter
2025-10-01 19:32:05,863 - AEGIS-X.EliteVerificationEngine - INFO - 🎯 Layer 1: Payload Validation
2025-10-01 19:32:07,572 - AEGIS-X.EliteVerificationEngine - INFO - 📊 Layer 2: Response Analysis
2025-10-01 19:32:07,573 - AEGIS-X.EliteVerificationEngine - INFO - 🌐 Layer 3: Behavioral Verification
2025-10-01 19:32:07,608 - AEGIS-X.EliteVerificationEngine - INFO - 💥 Layer 4: Impact Simulation
2025-10-01 19:32:07,608 - AEGIS-X.EliteVerificationEngine - INFO - 🔗 Layer 5: Exploit Chain Validation
2025-10-01 19:32:07,608 - AEGIS-X.EliteVerificationEngine - INFO - 🚫 Layer 6: False Positive Elimination
2025-10-01 19:32:07,608 - AEGIS-X.EliteVerificationEngine - INFO - 🎯 Vulnerability-specific verification for cross-site scripting (xss)
2025-10-01 19:32:07,608 - AEGIS-X.EliteVerificationEngine - INFO - ✅ Elite verification complete for xss_8949a6d1: True (confidence: 0.80)
2025-10-01 19:32:07,608 - AEGIS-X.EliteVerificationEngine - INFO - 🔍 Starting elite verification for vulnerability: Reflected XSS in q parameter
2025-10-01 19:32:07,608 - AEGIS-X.EliteVerificationEngine - INFO - 🎯 Layer 1: Payload Validation
2025-10-01 19:32:07,609 - AEGIS-X.EliteVerificationEngine - INFO - 📊 Layer 2: Response Analysis
2025-10-01 19:32:07,610 - AEGIS-X.EliteVerificationEngine - INFO - 🌐 Layer 3: Behavioral Verification
2025-10-01 19:32:07,617 - AEGIS-X.EliteVerificationEngine - INFO - 💥 Layer 4: Impact Simulation
2025-10-01 19:32:07,617 - AEGIS-X.EliteVerificationEngine - INFO - 🔗 Layer 5: Exploit Chain Validation
2025-10-01 19:32:07,617 - AEGIS-X.EliteVerificationEngine - INFO - 🚫 Layer 6: False Positive Elimination
2025-10-01 19:32:07,617 - AEGIS-X.EliteVerificationEngine - INFO - 🎯 Vulnerability-specific verification for cross-site scripting (xss)
2025-10-01 19:32:07,617 - AEGIS-X.EliteVerificationEngine - INFO - ✅ Elite verification complete for xss_f6bbc2ab: True (confidence: 0.80)
2025-10-01 19:32:07,617 - AEGIS-X.EliteVerificationEngine - INFO - 🔍 Starting elite verification for vulnerability: Reflected XSS in q parameter
2025-10-01 19:32:07,617 - AEGIS-X.EliteVerificationEngine - INFO - 🎯 Layer 1: Payload Validation
2025-10-01 19:32:07,618 - AEGIS-X.EliteVerificationEngine - INFO - 📊 Layer 2: Response Analysis
2025-10-01 19:32:07,619 - AEGIS-X.EliteVerificationEngine - INFO - 🌐 Layer 3: Behavioral Verification
2025-10-01 19:32:07,653 - AEGIS-X.EliteVerificationEngine - INFO - 💥 Layer 4: Impact Simulation
2025-10-01 19:32:07,654 - AEGIS-X.EliteVerificationEngine - INFO - 🔗 Layer 5: Exploit Chain Validation
2025-10-01 19:32:07,654 - AEGIS-X.EliteVerificationEngine - INFO - 🚫 Layer 6: False Positive Elimination
2025-10-01 19:32:07,654 - AEGIS-X.EliteVerificationEngine - INFO - 🎯 Vulnerability-specific verification for cross-site scripting (xss)
2025-10-01 19:32:07,654 - AEGIS-X.EliteVerificationEngine - INFO - ✅ Elite verification complete for xss_0e1c88df: True (confidence: 0.80)
2025-10-01 19:32:07,654 - AEGIS-X.EliteVerificationEngine - INFO - 🔍 Starting elite verification for vulnerability: Reflected XSS in q parameter
2025-10-01 19:32:07,654 - AEGIS-X.EliteVerificationEngine - INFO - 🎯 Layer 1: Payload Validation
2025-10-01 19:32:07,655 - AEGIS-X.EliteVerificationEngine - INFO - 📊 Layer 2: Response Analysis
2025-10-01 19:32:07,656 - AEGIS-X.EliteVerificationEngine - INFO - 🌐 Layer 3: Behavioral Verification
2025-10-01 19:32:07,664 - AEGIS-X.EliteVerificationEngine - INFO - 💥 Layer 4: Impact Simulation
2025-10-01 19:32:07,664 - AEGIS-X.EliteVerificationEngine - INFO - 🔗 Layer 5: Exploit Chain Validation
2025-10-01 19:32:07,664 - AEGIS-X.EliteVerificationEngine - INFO - 🚫 Layer 6: False Positive Elimination
2025-10-01 19:32:07,664 - AEGIS-X.EliteVerificationEngine - INFO - 🎯 Vulnerability-specific verification for cross-site scripting (xss)
2025-10-01 19:32:07,664 - AEGIS-X.EliteVerificationEngine - INFO - ✅ Elite verification complete for xss_ab19f9ed: True (confidence: 0.80)
2025-10-01 19:32:07,664 - AEGIS-X.EliteVerificationEngine - INFO - 🔍 Starting elite verification for vulnerability: Reflected XSS in q parameter
2025-10-01 19:32:07,664 - AEGIS-X.EliteVerificationEngine - INFO - 🎯 Layer 1: Payload Validation
2025-10-01 19:32:07,666 - AEGIS-X.EliteVerificationEngine - INFO - 📊 Layer 2: Response Analysis
2025-10-01 19:32:07,667 - AEGIS-X.EliteVerificationEngine - INFO - 🌐 Layer 3: Behavioral Verification
2025-10-01 19:32:07,703 - AEGIS-X.EliteVerificationEngine - INFO - 💥 Layer 4: Impact Simulation
2025-10-01 19:32:07,703 - AEGIS-X.EliteVerificationEngine - INFO - 🔗 Layer 5: Exploit Chain Validation
2025-10-01 19:32:07,703 - AEGIS-X.EliteVerificationEngine - INFO - 🚫 Layer 6: False Positive Elimination
2025-10-01 19:32:07,703 - AEGIS-X.EliteVerificationEngine - INFO - 🎯 Vulnerability-specific verification for cross-site scripting (xss)
2025-10-01 19:32:07,703 - AEGIS-X.EliteVerificationEngine - INFO - ✅ Elite verification complete for xss_24fcc852: True (confidence: 0.80)
2025-10-01 19:32:07,703 - AEGIS-X.EliteVerificationEngine - INFO - 🔍 Starting elite verification for vulnerability: Reflected XSS in q parameter
2025-10-01 19:32:07,703 - AEGIS-X.EliteVerificationEngine - INFO - 🎯 Layer 1: Payload Validation
2025-10-01 19:32:07,705 - AEGIS-X.EliteVerificationEngine - INFO - 📊 Layer 2: Response Analysis
2025-10-01 19:32:07,705 - AEGIS-X.EliteVerificationEngine - INFO - 🌐 Layer 3: Behavioral Verification
2025-10-01 19:32:07,711 - AEGIS-X.EliteVerificationEngine - INFO - 💥 Layer 4: Impact Simulation
2025-10-01 19:32:07,711 - AEGIS-X.EliteVerificationEngine - INFO - 🔗 Layer 5: Exploit Chain Validation
2025-10-01 19:32:07,711 - AEGIS-X.EliteVerificationEngine - INFO - 🚫 Layer 6: False Positive Elimination
2025-10-01 19:32:07,711 - AEGIS-X.EliteVerificationEngine - INFO - 🎯 Vulnerability-specific verification for cross-site scripting (xss)
2025-10-01 19:32:07,711 - AEGIS-X.EliteVerificationEngine - INFO - ✅ Elite verification complete for xss_41de20be: True (confidence: 0.80)
2025-10-01 19:32:07,711 - AEGIS-X.EliteVerificationEngine - INFO - 🔍 Starting elite verification for vulnerability: Reflected XSS in q parameter
2025-10-01 19:32:07,711 - AEGIS-X.EliteVerificationEngine - INFO - 🎯 Layer 1: Payload Validation
2025-10-01 19:32:07,712 - AEGIS-X.EliteVerificationEngine - INFO - 📊 Layer 2: Response Analysis
2025-10-01 19:32:07,713 - AEGIS-X.EliteVerificationEngine - INFO - 🌐 Layer 3: Behavioral Verification
2025-10-01 19:32:07,751 - AEGIS-X.EliteVerificationEngine - INFO - 💥 Layer 4: Impact Simulation
2025-10-01 19:32:07,751 - AEGIS-X.EliteVerificationEngine - INFO - 🔗 Layer 5: Exploit Chain Validation
2025-10-01 19:32:07,751 - AEGIS-X.EliteVerificationEngine - INFO - 🚫 Layer 6: False Positive Elimination
2025-10-01 19:32:07,751 - AEGIS-X.EliteVerificationEngine - INFO - 🎯 Vulnerability-specific verification for cross-site scripting (xss)
2025-10-01 19:32:07,751 - AEGIS-X.EliteVerificationEngine - INFO - ✅ Elite verification complete for xss_33fb12e7: True (confidence: 0.80)
2025-10-01 19:32:07,751 - AEGIS-X.EliteVerificationEngine - INFO - 🔍 Starting elite verification for vulnerability: Reflected XSS in q parameter
2025-10-01 19:32:07,752 - AEGIS-X.EliteVerificationEngine - INFO - 🎯 Layer 1: Payload Validation
2025-10-01 19:32:07,753 - AEGIS-X.EliteVerificationEngine - INFO - 📊 Layer 2: Response Analysis
2025-10-01 19:32:07,754 - AEGIS-X.EliteVerificationEngine - INFO - 🌐 Layer 3: Behavioral Verification
2025-10-01 19:32:07,759 - AEGIS-X.EliteVerificationEngine - INFO - 💥 Layer 4: Impact Simulation
2025-10-01 19:32:07,760 - AEGIS-X.EliteVerificationEngine - INFO - 🔗 Layer 5: Exploit Chain Validation
2025-10-01 19:32:07,760 - AEGIS-X.EliteVerificationEngine - INFO - 🚫 Layer 6: False Positive Elimination
2025-10-01 19:32:07,760 - AEGIS-X.EliteVerificationEngine - INFO - 🎯 Vulnerability-specific verification for cross-site scripting (xss)
2025-10-01 19:32:07,760 - AEGIS-X.EliteVerificationEngine - INFO - ✅ Elite verification complete for xss_f5575303: True (confidence: 0.80)
2025-10-01 19:32:07,760 - AEGIS-X.EliteVerificationEngine - INFO - 🔍 Starting elite verification for vulnerability: Reflected XSS in q parameter
2025-10-01 19:32:07,760 - AEGIS-X.EliteVerificationEngine - INFO - 🎯 Layer 1: Payload Validation
2025-10-01 19:32:07,761 - AEGIS-X.EliteVerificationEngine - INFO - 📊 Layer 2: Response Analysis
2025-10-01 19:32:07,762 - AEGIS-X.EliteVerificationEngine - INFO - 🌐 Layer 3: Behavioral Verification
2025-10-01 19:32:07,806 - AEGIS-X.EliteVerificationEngine - INFO - 💥 Layer 4: Impact Simulation
2025-10-01 19:32:07,806 - AEGIS-X.EliteVerificationEngine - INFO - 🔗 Layer 5: Exploit Chain Validation
2025-10-01 19:32:07,806 - AEGIS-X.EliteVerificationEngine - INFO - 🚫 Layer 6: False Positive Elimination
2025-10-01 19:32:07,806 - AEGIS-X.EliteVerificationEngine - INFO - 🎯 Vulnerability-specific verification for cross-site scripting (xss)
2025-10-01 19:32:07,806 - AEGIS-X.EliteVerificationEngine - INFO - ✅ Elite verification complete for xss_4d29ce54: True (confidence: 0.80)
2025-10-01 19:32:07,806 - AEGIS-X.EliteVerificationEngine - INFO - 🔍 Starting elite verification for vulnerability: Reflected XSS in q parameter
2025-10-01 19:32:07,806 - AEGIS-X.EliteVerificationEngine - INFO - 🎯 Layer 1: Payload Validation
2025-10-01 19:32:07,808 - AEGIS-X.EliteVerificationEngine - INFO - 📊 Layer 2: Response Analysis
2025-10-01 19:32:07,808 - AEGIS-X.EliteVerificationEngine - INFO - 🌐 Layer 3: Behavioral Verification
2025-10-01 19:32:07,817 - AEGIS-X.EliteVerificationEngine - INFO - 💥 Layer 4: Impact Simulation
2025-10-01 19:32:07,817 - AEGIS-X.EliteVerificationEngine - INFO - 🔗 Layer 5: Exploit Chain Validation
2025-10-01 19:32:07,817 - AEGIS-X.EliteVerificationEngine - INFO - 🚫 Layer 6: False Positive Elimination
2025-10-01 19:32:07,817 - AEGIS-X.EliteVerificationEngine - INFO - 🎯 Vulnerability-specific verification for cross-site scripting (xss)
2025-10-01 19:32:07,817 - AEGIS-X.EliteVerificationEngine - INFO - ✅ Elite verification complete for xss_d3646806: True (confidence: 0.80)
2025-10-01 19:32:07,817 - AEGIS-X.EliteVerificationEngine - INFO - 🔍 Starting elite verification for vulnerability: Reflected XSS in q parameter
2025-10-01 19:32:07,817 - AEGIS-X.EliteVerificationEngine - INFO - 🎯 Layer 1: Payload Validation
2025-10-01 19:32:07,819 - AEGIS-X.EliteVerificationEngine - INFO - 📊 Layer 2: Response Analysis
2025-10-01 19:32:07,819 - AEGIS-X.EliteVerificationEngine - INFO - 🌐 Layer 3: Behavioral Verification
2025-10-01 19:32:07,857 - AEGIS-X.EliteVerificationEngine - INFO - 💥 Layer 4: Impact Simulation
2025-10-01 19:32:07,857 - AEGIS-X.EliteVerificationEngine - INFO - 🔗 Layer 5: Exploit Chain Validation
2025-10-01 19:32:07,857 - AEGIS-X.EliteVerificationEngine - INFO - 🚫 Layer 6: False Positive Elimination
2025-10-01 19:32:07,857 - AEGIS-X.EliteVerificationEngine - INFO - 🎯 Vulnerability-specific verification for cross-site scripting (xss)
2025-10-01 19:32:07,857 - AEGIS-X.EliteVerificationEngine - INFO - ✅ Elite verification complete for xss_d49ddb7c: True (confidence: 0.80)
2025-10-01 19:32:07,857 - AEGIS-X.EliteVerificationEngine - INFO - 🔍 Starting elite verification for vulnerability: Reflected XSS in q parameter
2025-10-01 19:32:07,857 - AEGIS-X.EliteVerificationEngine - INFO - 🎯 Layer 1: Payload Validation
2025-10-01 19:32:07,858 - AEGIS-X.EliteVerificationEngine - INFO - 📊 Layer 2: Response Analysis
2025-10-01 19:32:07,859 - AEGIS-X.EliteVerificationEngine - INFO - 🌐 Layer 3: Behavioral Verification
2025-10-01 19:32:07,868 - AEGIS-X.EliteVerificationEngine - INFO - 💥 Layer 4: Impact Simulation
2025-10-01 19:32:07,868 - AEGIS-X.EliteVerificationEngine - INFO - 🔗 Layer 5: Exploit Chain Validation
2025-10-01 19:32:07,868 - AEGIS-X.EliteVerificationEngine - INFO - 🚫 Layer 6: False Positive Elimination
2025-10-01 19:32:07,868 - AEGIS-X.EliteVerificationEngine - INFO - 🎯 Vulnerability-specific verification for cross-site scripting (xss)
2025-10-01 19:32:07,868 - AEGIS-X.EliteVerificationEngine - INFO - ✅ Elite verification complete for xss_4915a4a2: True (confidence: 0.80)
2025-10-01 19:32:07,868 - AEGIS-X.EliteVerificationEngine - INFO - 🔍 Starting elite verification for vulnerability: Reflected XSS in q parameter
2025-10-01 19:32:07,868 - AEGIS-X.EliteVerificationEngine - INFO - 🎯 Layer 1: Payload Validation
2025-10-01 19:32:07,870 - AEGIS-X.EliteVerificationEngine - INFO - 📊 Layer 2: Response Analysis
2025-10-01 19:32:07,871 - AEGIS-X.EliteVerificationEngine - INFO - 🌐 Layer 3: Behavioral Verification
2025-10-01 19:32:07,908 - AEGIS-X.EliteVerificationEngine - INFO - 💥 Layer 4: Impact Simulation
2025-10-01 19:32:07,908 - AEGIS-X.EliteVerificationEngine - INFO - 🔗 Layer 5: Exploit Chain Validation
2025-10-01 19:32:07,908 - AEGIS-X.EliteVerificationEngine - INFO - 🚫 Layer 6: False Positive Elimination
2025-10-01 19:32:07,908 - AEGIS-X.EliteVerificationEngine - INFO - 🎯 Vulnerability-specific verification for cross-site scripting (xss)
2025-10-01 19:32:07,909 - AEGIS-X.EliteVerificationEngine - INFO - ✅ Elite verification complete for xss_77e01d25: True (confidence: 0.80)
2025-10-01 19:32:07,909 - AEGIS-X.EliteVerificationEngine - INFO - 🔍 Starting elite verification for vulnerability: Missing Security Headers
2025-10-01 19:32:07,909 - AEGIS-X.EliteVerificationEngine - INFO - 🎯 Layer 1: Payload Validation
2025-10-01 19:32:07,909 - AEGIS-X.EliteVerificationEngine - INFO - 📊 Layer 2: Response Analysis
2025-10-01 19:32:07,910 - AEGIS-X.EliteVerificationEngine - INFO - 🌐 Layer 3: Behavioral Verification
2025-10-01 19:32:07,917 - AEGIS-X.EliteVerificationEngine - INFO - 💥 Layer 4: Impact Simulation
2025-10-01 19:32:07,917 - AEGIS-X.EliteVerificationEngine - INFO - 🔗 Layer 5: Exploit Chain Validation
2025-10-01 19:32:07,917 - AEGIS-X.EliteVerificationEngine - INFO - 🚫 Layer 6: False Positive Elimination
2025-10-01 19:32:07,918 - AEGIS-X.EliteVerificationEngine - INFO - ✅ Elite verification complete for missing_headers_2e7a9454: True (confidence: 0.80)
2025-10-01 19:32:07,918 - AEGIS-X.EliteVerificationEngine - INFO - 🔍 Starting elite verification for vulnerability: Reflected XSS in q parameter
2025-10-01 19:32:07,918 - AEGIS-X.EliteVerificationEngine - INFO - 🎯 Layer 1: Payload Validation
2025-10-01 19:32:07,918 - AEGIS-X.EliteVerificationEngine - INFO - 📊 Layer 2: Response Analysis
2025-10-01 19:32:07,919 - AEGIS-X.EliteVerificationEngine - INFO - 🌐 Layer 3: Behavioral Verification
2025-10-01 19:32:07,954 - AEGIS-X.EliteVerificationEngine - INFO - 💥 Layer 4: Impact Simulation
2025-10-01 19:32:07,954 - AEGIS-X.EliteVerificationEngine - INFO - 🔗 Layer 5: Exploit Chain Validation
2025-10-01 19:32:07,954 - AEGIS-X.EliteVerificationEngine - INFO - 🚫 Layer 6: False Positive Elimination
2025-10-01 19:32:07,954 - AEGIS-X.EliteVerificationEngine - INFO - 🎯 Vulnerability-specific verification for cross-site scripting (xss)
2025-10-01 19:32:07,954 - AEGIS-X.EliteVerificationEngine - INFO - ✅ Elite verification complete for mutated_xss_fd8547cf_0: False (confidence: 0.35)
2025-10-01 19:32:07,954 - AEGIS-X.EliteVerificationEngine - INFO - 🔍 Starting elite verification for vulnerability: Reflected XSS in q parameter
2025-10-01 19:32:07,954 - AEGIS-X.EliteVerificationEngine - INFO - 🎯 Layer 1: Payload Validation
2025-10-01 19:32:07,954 - AEGIS-X.EliteVerificationEngine - INFO - 📊 Layer 2: Response Analysis
2025-10-01 19:32:07,956 - AEGIS-X.EliteVerificationEngine - INFO - 🌐 Layer 3: Behavioral Verification
2025-10-01 19:32:07,967 - AEGIS-X.EliteVerificationEngine - INFO - 💥 Layer 4: Impact Simulation
2025-10-01 19:32:07,967 - AEGIS-X.EliteVerificationEngine - INFO - 🔗 Layer 5: Exploit Chain Validation
2025-10-01 19:32:07,967 - AEGIS-X.EliteVerificationEngine - INFO - 🚫 Layer 6: False Positive Elimination
2025-10-01 19:32:07,967 - AEGIS-X.EliteVerificationEngine - INFO - 🎯 Vulnerability-specific verification for cross-site scripting (xss)
2025-10-01 19:32:07,967 - AEGIS-X.EliteVerificationEngine - INFO - ✅ Elite verification complete for mutated_xss_fd8547cf_1: False (confidence: 0.35)
2025-10-01 19:32:07,967 - AEGIS-X.EliteVerificationEngine - INFO - 🔍 Starting elite verification for vulnerability: Reflected XSS in q parameter
2025-10-01 19:32:07,967 - AEGIS-X.EliteVerificationEngine - INFO - 🎯 Layer 1: Payload Validation
2025-10-01 19:32:07,967 - AEGIS-X.EliteVerificationEngine - INFO - 📊 Layer 2: Response Analysis
2025-10-01 19:32:07,969 - AEGIS-X.EliteVerificationEngine - INFO - 🌐 Layer 3: Behavioral Verification
2025-10-01 19:32:08,001 - AEGIS-X.EliteVerificationEngine - INFO - 💥 Layer 4: Impact Simulation
2025-10-01 19:32:08,001 - AEGIS-X.EliteVerificationEngine - INFO - 🔗 Layer 5: Exploit Chain Validation
2025-10-01 19:32:08,001 - AEGIS-X.EliteVerificationEngine - INFO - 🚫 Layer 6: False Positive Elimination
2025-10-01 19:32:08,001 - AEGIS-X.EliteVerificationEngine - INFO - 🎯 Vulnerability-specific verification for cross-site scripting (xss)
2025-10-01 19:32:08,001 - AEGIS-X.EliteVerificationEngine - INFO - ✅ Elite verification complete for mutated_xss_fd8547cf_2: False (confidence: 0.35)
2025-10-01 19:32:08,001 - AEGIS-X.EliteVerificationEngine - INFO - 🔍 Starting elite verification for vulnerability: Reflected XSS in q parameter
2025-10-01 19:32:08,001 - AEGIS-X.EliteVerificationEngine - INFO - 🎯 Layer 1: Payload Validation
2025-10-01 19:32:08,001 - AEGIS-X.EliteVerificationEngine - INFO - 📊 Layer 2: Response Analysis
2025-10-01 19:32:08,003 - AEGIS-X.EliteVerificationEngine - INFO - 🌐 Layer 3: Behavioral Verification
2025-10-01 19:32:08,009 - AEGIS-X.EliteVerificationEngine - INFO - 💥 Layer 4: Impact Simulation
2025-10-01 19:32:08,009 - AEGIS-X.EliteVerificationEngine - INFO - 🔗 Layer 5: Exploit Chain Validation
2025-10-01 19:32:08,009 - AEGIS-X.EliteVerificationEngine - INFO - 🚫 Layer 6: False Positive Elimination
2025-10-01 19:32:08,009 - AEGIS-X.EliteVerificationEngine - INFO - 🎯 Vulnerability-specific verification for cross-site scripting (xss)
2025-10-01 19:32:08,009 - AEGIS-X.EliteVerificationEngine - INFO - ✅ Elite verification complete for mutated_xss_fd8547cf_3: False (confidence: 0.35)
2025-10-01 19:32:08,009 - AEGIS-X.EliteVerificationEngine - INFO - 🔍 Starting elite verification for vulnerability: Reflected XSS in q parameter
2025-10-01 19:32:08,009 - AEGIS-X.EliteVerificationEngine - INFO - 🎯 Layer 1: Payload Validation
2025-10-01 19:32:08,009 - AEGIS-X.EliteVerificationEngine - INFO - 📊 Layer 2: Response Analysis
2025-10-01 19:32:08,010 - AEGIS-X.EliteVerificationEngine - INFO - 🌐 Layer 3: Behavioral Verification
2025-10-01 19:32:08,041 - AEGIS-X.EliteVerificationEngine - INFO - 💥 Layer 4: Impact Simulation
2025-10-01 19:32:08,041 - AEGIS-X.EliteVerificationEngine - INFO - 🔗 Layer 5: Exploit Chain Validation
2025-10-01 19:32:08,041 - AEGIS-X.EliteVerificationEngine - INFO - 🚫 Layer 6: False Positive Elimination
2025-10-01 19:32:08,041 - AEGIS-X.EliteVerificationEngine - INFO - 🎯 Vulnerability-specific verification for cross-site scripting (xss)
2025-10-01 19:32:08,041 - AEGIS-X.EliteVerificationEngine - INFO - ✅ Elite verification complete for mutated_xss_fd8547cf_4: False (confidence: 0.35)
2025-10-01 19:32:08,041 - AEGIS-X.EliteVerificationEngine - INFO - 🔍 Starting elite verification for vulnerability: Reflected XSS in q parameter
2025-10-01 19:32:08,041 - AEGIS-X.EliteVerificationEngine - INFO - 🎯 Layer 1: Payload Validation
2025-10-01 19:32:08,041 - AEGIS-X.EliteVerificationEngine - INFO - 📊 Layer 2: Response Analysis
2025-10-01 19:32:08,042 - AEGIS-X.EliteVerificationEngine - INFO - 🌐 Layer 3: Behavioral Verification
2025-10-01 19:32:08,048 - AEGIS-X.EliteVerificationEngine - INFO - 💥 Layer 4: Impact Simulation
2025-10-01 19:32:08,048 - AEGIS-X.EliteVerificationEngine - INFO - 🔗 Layer 5: Exploit Chain Validation
2025-10-01 19:32:08,048 - AEGIS-X.EliteVerificationEngine - INFO - 🚫 Layer 6: False Positive Elimination
2025-10-01 19:32:08,048 - AEGIS-X.EliteVerificationEngine - INFO - 🎯 Vulnerability-specific verification for cross-site scripting (xss)
2025-10-01 19:32:08,048 - AEGIS-X.EliteVerificationEngine - INFO - ✅ Elite verification complete for mutated_xss_1858ce13_5: False (confidence: 0.35)
2025-10-01 19:32:08,049 - AEGIS-X.EliteVerificationEngine - INFO - 🔍 Starting elite verification for vulnerability: Reflected XSS in q parameter
2025-10-01 19:32:08,049 - AEGIS-X.EliteVerificationEngine - INFO - 🎯 Layer 1: Payload Validation
2025-10-01 19:32:08,049 - AEGIS-X.EliteVerificationEngine - INFO - 📊 Layer 2: Response Analysis
2025-10-01 19:32:08,050 - AEGIS-X.EliteVerificationEngine - INFO - 🌐 Layer 3: Behavioral Verification
2025-10-01 19:32:08,089 - AEGIS-X.EliteVerificationEngine - INFO - 💥 Layer 4: Impact Simulation
2025-10-01 19:32:08,090 - AEGIS-X.EliteVerificationEngine - INFO - 🔗 Layer 5: Exploit Chain Validation
2025-10-01 19:32:08,090 - AEGIS-X.EliteVerificationEngine - INFO - 🚫 Layer 6: False Positive Elimination
2025-10-01 19:32:08,090 - AEGIS-X.EliteVerificationEngine - INFO - 🎯 Vulnerability-specific verification for cross-site scripting (xss)
2025-10-01 19:32:08,090 - AEGIS-X.EliteVerificationEngine - INFO - ✅ Elite verification complete for mutated_xss_1858ce13_6: False (confidence: 0.35)
2025-10-01 19:32:08,090 - AEGIS-X.EliteVerificationEngine - INFO - 🔍 Starting elite verification for vulnerability: Reflected XSS in q parameter
2025-10-01 19:32:08,090 - AEGIS-X.EliteVerificationEngine - INFO - 🎯 Layer 1: Payload Validation
2025-10-01 19:32:08,090 - AEGIS-X.EliteVerificationEngine - INFO - 📊 Layer 2: Response Analysis
2025-10-01 19:32:08,091 - AEGIS-X.EliteVerificationEngine - INFO - 🌐 Layer 3: Behavioral Verification
2025-10-01 19:32:08,100 - AEGIS-X.EliteVerificationEngine - INFO - 💥 Layer 4: Impact Simulation
2025-10-01 19:32:08,101 - AEGIS-X.EliteVerificationEngine - INFO - 🔗 Layer 5: Exploit Chain Validation
2025-10-01 19:32:08,101 - AEGIS-X.EliteVerificationEngine - INFO - 🚫 Layer 6: False Positive Elimination
2025-10-01 19:32:08,101 - AEGIS-X.EliteVerificationEngine - INFO - 🎯 Vulnerability-specific verification for cross-site scripting (xss)
2025-10-01 19:32:08,101 - AEGIS-X.EliteVerificationEngine - INFO - ✅ Elite verification complete for mutated_xss_1858ce13_7: False (confidence: 0.35)
2025-10-01 19:32:08,101 - AEGIS-X.EliteVerificationEngine - INFO - 🔍 Starting elite verification for vulnerability: Reflected XSS in q parameter
2025-10-01 19:32:08,101 - AEGIS-X.EliteVerificationEngine - INFO - 🎯 Layer 1: Payload Validation
2025-10-01 19:32:08,101 - AEGIS-X.EliteVerificationEngine - INFO - 📊 Layer 2: Response Analysis
2025-10-01 19:32:08,102 - AEGIS-X.EliteVerificationEngine - INFO - 🌐 Layer 3: Behavioral Verification
2025-10-01 19:32:08,138 - AEGIS-X.EliteVerificationEngine - INFO - 💥 Layer 4: Impact Simulation
2025-10-01 19:32:08,138 - AEGIS-X.EliteVerificationEngine - INFO - 🔗 Layer 5: Exploit Chain Validation
2025-10-01 19:32:08,138 - AEGIS-X.EliteVerificationEngine - INFO - 🚫 Layer 6: False Positive Elimination
2025-10-01 19:32:08,138 - AEGIS-X.EliteVerificationEngine - INFO - 🎯 Vulnerability-specific verification for cross-site scripting (xss)
2025-10-01 19:32:08,138 - AEGIS-X.EliteVerificationEngine - INFO - ✅ Elite verification complete for mutated_xss_1858ce13_8: False (confidence: 0.35)
2025-10-01 19:32:08,138 - AEGIS-X.EliteVerificationEngine - INFO - 🔍 Starting elite verification for vulnerability: Reflected XSS in q parameter
2025-10-01 19:32:08,138 - AEGIS-X.EliteVerificationEngine - INFO - 🎯 Layer 1: Payload Validation
2025-10-01 19:32:08,139 - AEGIS-X.EliteVerificationEngine - INFO - 📊 Layer 2: Response Analysis
2025-10-01 19:32:08,140 - AEGIS-X.EliteVerificationEngine - INFO - 🌐 Layer 3: Behavioral Verification
2025-10-01 19:32:08,147 - AEGIS-X.EliteVerificationEngine - INFO - 💥 Layer 4: Impact Simulation
2025-10-01 19:32:08,147 - AEGIS-X.EliteVerificationEngine - INFO - 🔗 Layer 5: Exploit Chain Validation
2025-10-01 19:32:08,147 - AEGIS-X.EliteVerificationEngine - INFO - 🚫 Layer 6: False Positive Elimination
2025-10-01 19:32:08,147 - AEGIS-X.EliteVerificationEngine - INFO - 🎯 Vulnerability-specific verification for cross-site scripting (xss)
2025-10-01 19:32:08,148 - AEGIS-X.EliteVerificationEngine - INFO - ✅ Elite verification complete for mutated_xss_1858ce13_9: False (confidence: 0.35)
2025-10-01 19:32:08,148 - AEGIS-X.EliteVerificationEngine - INFO - 🔍 Starting elite verification for vulnerability: Reflected XSS in q parameter
2025-10-01 19:32:08,148 - AEGIS-X.EliteVerificationEngine - INFO - 🎯 Layer 1: Payload Validation
2025-10-01 19:32:08,148 - AEGIS-X.EliteVerificationEngine - INFO - 📊 Layer 2: Response Analysis
2025-10-01 19:32:08,149 - AEGIS-X.EliteVerificationEngine - INFO - 🌐 Layer 3: Behavioral Verification
2025-10-01 19:32:08,185 - AEGIS-X.EliteVerificationEngine - INFO - 💥 Layer 4: Impact Simulation
2025-10-01 19:32:08,186 - AEGIS-X.EliteVerificationEngine - INFO - 🔗 Layer 5: Exploit Chain Validation
2025-10-01 19:32:08,186 - AEGIS-X.EliteVerificationEngine - INFO - 🚫 Layer 6: False Positive Elimination
2025-10-01 19:32:08,186 - AEGIS-X.EliteVerificationEngine - INFO - 🎯 Vulnerability-specific verification for cross-site scripting (xss)
2025-10-01 19:32:08,186 - AEGIS-X.EliteVerificationEngine - INFO - ✅ Elite verification complete for mutated_xss_817f8f8b_10: False (confidence: 0.35)
2025-10-01 19:32:08,186 - AEGIS-X.EliteVerificationEngine - INFO - 🔍 Starting elite verification for vulnerability: Reflected XSS in q parameter
2025-10-01 19:32:08,186 - AEGIS-X.EliteVerificationEngine - INFO - 🎯 Layer 1: Payload Validation
2025-10-01 19:32:08,186 - AEGIS-X.EliteVerificationEngine - INFO - 📊 Layer 2: Response Analysis
2025-10-01 19:32:08,187 - AEGIS-X.EliteVerificationEngine - INFO - 🌐 Layer 3: Behavioral Verification
2025-10-01 19:32:08,193 - AEGIS-X.EliteVerificationEngine - INFO - 💥 Layer 4: Impact Simulation
2025-10-01 19:32:08,194 - AEGIS-X.EliteVerificationEngine - INFO - 🔗 Layer 5: Exploit Chain Validation
2025-10-01 19:32:08,194 - AEGIS-X.EliteVerificationEngine - INFO - 🚫 Layer 6: False Positive Elimination
2025-10-01 19:32:08,194 - AEGIS-X.EliteVerificationEngine - INFO - 🎯 Vulnerability-specific verification for cross-site scripting (xss)
2025-10-01 19:32:08,194 - AEGIS-X.EliteVerificationEngine - INFO - ✅ Elite verification complete for mutated_xss_817f8f8b_11: False (confidence: 0.35)
2025-10-01 19:32:08,194 - AEGIS-X.EliteVerificationEngine - INFO - 🔍 Starting elite verification for vulnerability: Reflected XSS in q parameter
2025-10-01 19:32:08,194 - AEGIS-X.EliteVerificationEngine - INFO - 🎯 Layer 1: Payload Validation
2025-10-01 19:32:08,194 - AEGIS-X.EliteVerificationEngine - INFO - 📊 Layer 2: Response Analysis
2025-10-01 19:32:08,195 - AEGIS-X.EliteVerificationEngine - INFO - 🌐 Layer 3: Behavioral Verification
2025-10-01 19:32:08,236 - AEGIS-X.EliteVerificationEngine - INFO - 💥 Layer 4: Impact Simulation
2025-10-01 19:32:08,236 - AEGIS-X.EliteVerificationEngine - INFO - 🔗 Layer 5: Exploit Chain Validation
2025-10-01 19:32:08,236 - AEGIS-X.EliteVerificationEngine - INFO - 🚫 Layer 6: False Positive Elimination
2025-10-01 19:32:08,236 - AEGIS-X.EliteVerificationEngine - INFO - 🎯 Vulnerability-specific verification for cross-site scripting (xss)
2025-10-01 19:32:08,236 - AEGIS-X.EliteVerificationEngine - INFO - ✅ Elite verification complete for mutated_xss_817f8f8b_12: False (confidence: 0.35)
2025-10-01 19:32:08,236 - AEGIS-X.EliteVerificationEngine - INFO - 🔍 Starting elite verification for vulnerability: Reflected XSS in q parameter
2025-10-01 19:32:08,236 - AEGIS-X.EliteVerificationEngine - INFO - 🎯 Layer 1: Payload Validation
2025-10-01 19:32:08,236 - AEGIS-X.EliteVerificationEngine - INFO - 📊 Layer 2: Response Analysis
2025-10-01 19:32:08,238 - AEGIS-X.EliteVerificationEngine - INFO - 🌐 Layer 3: Behavioral Verification
2025-10-01 19:32:08,246 - AEGIS-X.EliteVerificationEngine - INFO - 💥 Layer 4: Impact Simulation
2025-10-01 19:32:08,246 - AEGIS-X.EliteVerificationEngine - INFO - 🔗 Layer 5: Exploit Chain Validation
2025-10-01 19:32:08,246 - AEGIS-X.EliteVerificationEngine - INFO - 🚫 Layer 6: False Positive Elimination
2025-10-01 19:32:08,246 - AEGIS-X.EliteVerificationEngine - INFO - 🎯 Vulnerability-specific verification for cross-site scripting (xss)
2025-10-01 19:32:08,247 - AEGIS-X.EliteVerificationEngine - INFO - ✅ Elite verification complete for mutated_xss_817f8f8b_13: False (confidence: 0.35)
2025-10-01 19:32:08,247 - AEGIS-X.EliteVerificationEngine - INFO - 🔍 Starting elite verification for vulnerability: Reflected XSS in q parameter
2025-10-01 19:32:08,247 - AEGIS-X.EliteVerificationEngine - INFO - 🎯 Layer 1: Payload Validation
2025-10-01 19:32:08,247 - AEGIS-X.EliteVerificationEngine - INFO - 📊 Layer 2: Response Analysis
2025-10-01 19:32:08,249 - AEGIS-X.EliteVerificationEngine - INFO - 🌐 Layer 3: Behavioral Verification
2025-10-01 19:32:08,287 - AEGIS-X.EliteVerificationEngine - INFO - 💥 Layer 4: Impact Simulation
2025-10-01 19:32:08,287 - AEGIS-X.EliteVerificationEngine - INFO - 🔗 Layer 5: Exploit Chain Validation
2025-10-01 19:32:08,287 - AEGIS-X.EliteVerificationEngine - INFO - 🚫 Layer 6: False Positive Elimination
2025-10-01 19:32:08,287 - AEGIS-X.EliteVerificationEngine - INFO - 🎯 Vulnerability-specific verification for cross-site scripting (xss)
2025-10-01 19:32:08,287 - AEGIS-X.EliteVerificationEngine - INFO - ✅ Elite verification complete for mutated_xss_817f8f8b_14: False (confidence: 0.35)
2025-10-01 19:32:08,287 - AEGIS-X.EliteVerificationEngine - INFO - 🔍 Starting elite verification for vulnerability: Reflected XSS in q parameter
2025-10-01 19:32:08,287 - AEGIS-X.EliteVerificationEngine - INFO - 🎯 Layer 1: Payload Validation
2025-10-01 19:32:08,287 - AEGIS-X.EliteVerificationEngine - INFO - 📊 Layer 2: Response Analysis
2025-10-01 19:32:08,289 - AEGIS-X.EliteVerificationEngine - INFO - 🌐 Layer 3: Behavioral Verification
2025-10-01 19:32:08,296 - AEGIS-X.EliteVerificationEngine - INFO - 💥 Layer 4: Impact Simulation
2025-10-01 19:32:08,296 - AEGIS-X.EliteVerificationEngine - INFO - 🔗 Layer 5: Exploit Chain Validation
2025-10-01 19:32:08,296 - AEGIS-X.EliteVerificationEngine - INFO - 🚫 Layer 6: False Positive Elimination
2025-10-01 19:32:08,296 - AEGIS-X.EliteVerificationEngine - INFO - 🎯 Vulnerability-specific verification for cross-site scripting (xss)
2025-10-01 19:32:08,297 - AEGIS-X.EliteVerificationEngine - INFO - ✅ Elite verification complete for mutated_xss_4ea2abf7_15: False (confidence: 0.35)
2025-10-01 19:32:08,297 - AEGIS-X.EliteVerificationEngine - INFO - 🔍 Starting elite verification for vulnerability: Reflected XSS in q parameter
2025-10-01 19:32:08,297 - AEGIS-X.EliteVerificationEngine - INFO - 🎯 Layer 1: Payload Validation
2025-10-01 19:32:08,297 - AEGIS-X.EliteVerificationEngine - INFO - 📊 Layer 2: Response Analysis
2025-10-01 19:32:08,298 - AEGIS-X.EliteVerificationEngine - INFO - 🌐 Layer 3: Behavioral Verification
2025-10-01 19:32:08,346 - AEGIS-X.EliteVerificationEngine - INFO - 💥 Layer 4: Impact Simulation
2025-10-01 19:32:08,346 - AEGIS-X.EliteVerificationEngine - INFO - 🔗 Layer 5: Exploit Chain Validation
2025-10-01 19:32:08,346 - AEGIS-X.EliteVerificationEngine - INFO - 🚫 Layer 6: False Positive Elimination
2025-10-01 19:32:08,346 - AEGIS-X.EliteVerificationEngine - INFO - 🎯 Vulnerability-specific verification for cross-site scripting (xss)
2025-10-01 19:32:08,346 - AEGIS-X.EliteVerificationEngine - INFO - ✅ Elite verification complete for mutated_xss_4ea2abf7_16: False (confidence: 0.35)
2025-10-01 19:32:08,346 - AEGIS-X.EliteVerificationEngine - INFO - 🔍 Starting elite verification for vulnerability: Reflected XSS in q parameter
2025-10-01 19:32:08,346 - AEGIS-X.EliteVerificationEngine - INFO - 🎯 Layer 1: Payload Validation
2025-10-01 19:32:08,346 - AEGIS-X.EliteVerificationEngine - INFO - 📊 Layer 2: Response Analysis
2025-10-01 19:32:08,347 - AEGIS-X.EliteVerificationEngine - INFO - 🌐 Layer 3: Behavioral Verification
2025-10-01 19:32:08,354 - AEGIS-X.EliteVerificationEngine - INFO - 💥 Layer 4: Impact Simulation
2025-10-01 19:32:08,354 - AEGIS-X.EliteVerificationEngine - INFO - 🔗 Layer 5: Exploit Chain Validation
2025-10-01 19:32:08,354 - AEGIS-X.EliteVerificationEngine - INFO - 🚫 Layer 6: False Positive Elimination
2025-10-01 19:32:08,354 - AEGIS-X.EliteVerificationEngine - INFO - 🎯 Vulnerability-specific verification for cross-site scripting (xss)
2025-10-01 19:32:08,354 - AEGIS-X.EliteVerificationEngine - INFO - ✅ Elite verification complete for mutated_xss_4ea2abf7_17: False (confidence: 0.35)
2025-10-01 19:32:08,354 - AEGIS-X.EliteVerificationEngine - INFO - 🔍 Starting elite verification for vulnerability: Reflected XSS in q parameter
2025-10-01 19:32:08,354 - AEGIS-X.EliteVerificationEngine - INFO - 🎯 Layer 1: Payload Validation
2025-10-01 19:32:08,355 - AEGIS-X.EliteVerificationEngine - INFO - 📊 Layer 2: Response Analysis
2025-10-01 19:32:08,356 - AEGIS-X.EliteVerificationEngine - INFO - 🌐 Layer 3: Behavioral Verification
2025-10-01 19:32:08,388 - AEGIS-X.EliteVerificationEngine - INFO - 💥 Layer 4: Impact Simulation
2025-10-01 19:32:08,388 - AEGIS-X.EliteVerificationEngine - INFO - 🔗 Layer 5: Exploit Chain Validation
2025-10-01 19:32:08,388 - AEGIS-X.EliteVerificationEngine - INFO - 🚫 Layer 6: False Positive Elimination
2025-10-01 19:32:08,388 - AEGIS-X.EliteVerificationEngine - INFO - 🎯 Vulnerability-specific verification for cross-site scripting (xss)
2025-10-01 19:32:08,388 - AEGIS-X.EliteVerificationEngine - INFO - ✅ Elite verification complete for mutated_xss_4ea2abf7_18: False (confidence: 0.35)
2025-10-01 19:32:08,388 - AEGIS-X.EliteVerificationEngine - INFO - 🔍 Starting elite verification for vulnerability: Reflected XSS in q parameter
2025-10-01 19:32:08,389 - AEGIS-X.EliteVerificationEngine - INFO - 🎯 Layer 1: Payload Validation
2025-10-01 19:32:08,389 - AEGIS-X.EliteVerificationEngine - INFO - 📊 Layer 2: Response Analysis
2025-10-01 19:32:08,390 - AEGIS-X.EliteVerificationEngine - INFO - 🌐 Layer 3: Behavioral Verification
2025-10-01 19:32:08,398 - AEGIS-X.EliteVerificationEngine - INFO - 💥 Layer 4: Impact Simulation
2025-10-01 19:32:08,401 - AEGIS-X.EliteVerificationEngine - INFO - 🔗 Layer 5: Exploit Chain Validation
2025-10-01 19:32:08,401 - AEGIS-X.EliteVerificationEngine - INFO - 🚫 Layer 6: False Positive Elimination
2025-10-01 19:32:08,401 - AEGIS-X.EliteVerificationEngine - INFO - 🎯 Vulnerability-specific verification for cross-site scripting (xss)
2025-10-01 19:32:08,401 - AEGIS-X.EliteVerificationEngine - INFO - ✅ Elite verification complete for mutated_xss_4ea2abf7_19: False (confidence: 0.35)
2025-10-01 19:32:08,401 - AEGIS-X.EliteVerificationEngine - INFO - 🔍 Starting elite verification for vulnerability: Reflected XSS in q parameter
2025-10-01 19:32:08,401 - AEGIS-X.EliteVerificationEngine - INFO - 🎯 Layer 1: Payload Validation
2025-10-01 19:32:08,401 - AEGIS-X.EliteVerificationEngine - INFO - 📊 Layer 2: Response Analysis
2025-10-01 19:32:08,403 - AEGIS-X.EliteVerificationEngine - INFO - 🌐 Layer 3: Behavioral Verification
2025-10-01 19:32:08,439 - AEGIS-X.EliteVerificationEngine - INFO - 💥 Layer 4: Impact Simulation
2025-10-01 19:32:08,439 - AEGIS-X.EliteVerificationEngine - INFO - 🔗 Layer 5: Exploit Chain Validation
2025-10-01 19:32:08,439 - AEGIS-X.EliteVerificationEngine - INFO - 🚫 Layer 6: False Positive Elimination
2025-10-01 19:32:08,439 - AEGIS-X.EliteVerificationEngine - INFO - 🎯 Vulnerability-specific verification for cross-site scripting (xss)
2025-10-01 19:32:08,440 - AEGIS-X.EliteVerificationEngine - INFO - ✅ Elite verification complete for mutated_xss_8949a6d1_20: False (confidence: 0.35)
2025-10-01 19:32:08,440 - AEGIS-X.EliteVerificationEngine - INFO - 🔍 Starting elite verification for vulnerability: Reflected XSS in q parameter
2025-10-01 19:32:08,440 - AEGIS-X.EliteVerificationEngine - INFO - 🎯 Layer 1: Payload Validation
2025-10-01 19:32:08,440 - AEGIS-X.EliteVerificationEngine - INFO - 📊 Layer 2: Response Analysis
2025-10-01 19:32:08,441 - AEGIS-X.EliteVerificationEngine - INFO - 🌐 Layer 3: Behavioral Verification
2025-10-01 19:32:08,452 - AEGIS-X.EliteVerificationEngine - INFO - 💥 Layer 4: Impact Simulation
2025-10-01 19:32:08,452 - AEGIS-X.EliteVerificationEngine - INFO - 🔗 Layer 5: Exploit Chain Validation
2025-10-01 19:32:08,452 - AEGIS-X.EliteVerificationEngine - INFO - 🚫 Layer 6: False Positive Elimination
2025-10-01 19:32:08,453 - AEGIS-X.EliteVerificationEngine - INFO - 🎯 Vulnerability-specific verification for cross-site scripting (xss)
2025-10-01 19:32:08,453 - AEGIS-X.EliteVerificationEngine - INFO - ✅ Elite verification complete for mutated_xss_8949a6d1_21: False (confidence: 0.35)
2025-10-01 19:32:08,453 - AEGIS-X.EliteVerificationEngine - INFO - 🔍 Starting elite verification for vulnerability: Reflected XSS in q parameter
2025-10-01 19:32:08,453 - AEGIS-X.EliteVerificationEngine - INFO - 🎯 Layer 1: Payload Validation
2025-10-01 19:32:08,453 - AEGIS-X.EliteVerificationEngine - INFO - 📊 Layer 2: Response Analysis
2025-10-01 19:32:08,454 - AEGIS-X.EliteVerificationEngine - INFO - 🌐 Layer 3: Behavioral Verification
2025-10-01 19:32:08,487 - AEGIS-X.EliteVerificationEngine - INFO - 💥 Layer 4: Impact Simulation
2025-10-01 19:32:08,487 - AEGIS-X.EliteVerificationEngine - INFO - 🔗 Layer 5: Exploit Chain Validation
2025-10-01 19:32:08,487 - AEGIS-X.EliteVerificationEngine - INFO - 🚫 Layer 6: False Positive Elimination
2025-10-01 19:32:08,488 - AEGIS-X.EliteVerificationEngine - INFO - 🎯 Vulnerability-specific verification for cross-site scripting (xss)
2025-10-01 19:32:08,488 - AEGIS-X.EliteVerificationEngine - INFO - ✅ Elite verification complete for mutated_xss_8949a6d1_22: False (confidence: 0.35)
2025-10-01 19:32:08,488 - AEGIS-X.EliteVerificationEngine - INFO - 🔍 Starting elite verification for vulnerability: Reflected XSS in q parameter
2025-10-01 19:32:08,488 - AEGIS-X.EliteVerificationEngine - INFO - 🎯 Layer 1: Payload Validation
2025-10-01 19:32:08,488 - AEGIS-X.EliteVerificationEngine - INFO - 📊 Layer 2: Response Analysis
2025-10-01 19:32:08,489 - AEGIS-X.EliteVerificationEngine - INFO - 🌐 Layer 3: Behavioral Verification
2025-10-01 19:32:08,495 - AEGIS-X.EliteVerificationEngine - INFO - 💥 Layer 4: Impact Simulation
2025-10-01 19:32:08,495 - AEGIS-X.EliteVerificationEngine - INFO - 🔗 Layer 5: Exploit Chain Validation
2025-10-01 19:32:08,495 - AEGIS-X.EliteVerificationEngine - INFO - 🚫 Layer 6: False Positive Elimination
2025-10-01 19:32:08,495 - AEGIS-X.EliteVerificationEngine - INFO - 🎯 Vulnerability-specific verification for cross-site scripting (xss)
2025-10-01 19:32:08,495 - AEGIS-X.EliteVerificationEngine - INFO - ✅ Elite verification complete for mutated_xss_8949a6d1_23: False (confidence: 0.35)
2025-10-01 19:32:08,495 - AEGIS-X.EliteVerificationEngine - INFO - 🔍 Starting elite verification for vulnerability: Reflected XSS in q parameter
2025-10-01 19:32:08,495 - AEGIS-X.EliteVerificationEngine - INFO - 🎯 Layer 1: Payload Validation
2025-10-01 19:32:08,495 - AEGIS-X.EliteVerificationEngine - INFO - 📊 Layer 2: Response Analysis
2025-10-01 19:32:08,497 - AEGIS-X.EliteVerificationEngine - INFO - 🌐 Layer 3: Behavioral Verification
2025-10-01 19:32:08,530 - AEGIS-X.EliteVerificationEngine - INFO - 💥 Layer 4: Impact Simulation
2025-10-01 19:32:08,530 - AEGIS-X.EliteVerificationEngine - INFO - 🔗 Layer 5: Exploit Chain Validation
2025-10-01 19:32:08,530 - AEGIS-X.EliteVerificationEngine - INFO - 🚫 Layer 6: False Positive Elimination
2025-10-01 19:32:08,530 - AEGIS-X.EliteVerificationEngine - INFO - 🎯 Vulnerability-specific verification for cross-site scripting (xss)
2025-10-01 19:32:08,530 - AEGIS-X.EliteVerificationEngine - INFO - ✅ Elite verification complete for mutated_xss_8949a6d1_24: False (confidence: 0.35)
2025-10-01 19:32:08,530 - AEGIS-X.EliteVerificationEngine - INFO - 🔍 Starting elite verification for vulnerability: Reflected XSS in q parameter
2025-10-01 19:32:08,530 - AEGIS-X.EliteVerificationEngine - INFO - 🎯 Layer 1: Payload Validation
2025-10-01 19:32:08,530 - AEGIS-X.EliteVerificationEngine - INFO - 📊 Layer 2: Response Analysis
2025-10-01 19:32:08,532 - AEGIS-X.EliteVerificationEngine - INFO - 🌐 Layer 3: Behavioral Verification
2025-10-01 19:32:08,538 - AEGIS-X.EliteVerificationEngine - INFO - 💥 Layer 4: Impact Simulation
2025-10-01 19:32:08,538 - AEGIS-X.EliteVerificationEngine - INFO - 🔗 Layer 5: Exploit Chain Validation
2025-10-01 19:32:08,538 - AEGIS-X.EliteVerificationEngine - INFO - 🚫 Layer 6: False Positive Elimination
2025-10-01 19:32:08,538 - AEGIS-X.EliteVerificationEngine - INFO - 🎯 Vulnerability-specific verification for cross-site scripting (xss)
2025-10-01 19:32:08,538 - AEGIS-X.EliteVerificationEngine - INFO - ✅ Elite verification complete for mutated_xss_f6bbc2ab_25: False (confidence: 0.35)
2025-10-01 19:32:08,538 - AEGIS-X.EliteVerificationEngine - INFO - 🔍 Starting elite verification for vulnerability: Reflected XSS in q parameter
2025-10-01 19:32:08,538 - AEGIS-X.EliteVerificationEngine - INFO - 🎯 Layer 1: Payload Validation
2025-10-01 19:32:08,538 - AEGIS-X.EliteVerificationEngine - INFO - 📊 Layer 2: Response Analysis
2025-10-01 19:32:08,539 - AEGIS-X.EliteVerificationEngine - INFO - 🌐 Layer 3: Behavioral Verification
2025-10-01 19:32:08,576 - AEGIS-X.EliteVerificationEngine - INFO - 💥 Layer 4: Impact Simulation
2025-10-01 19:32:08,576 - AEGIS-X.EliteVerificationEngine - INFO - 🔗 Layer 5: Exploit Chain Validation
2025-10-01 19:32:08,576 - AEGIS-X.EliteVerificationEngine - INFO - 🚫 Layer 6: False Positive Elimination
2025-10-01 19:32:08,576 - AEGIS-X.EliteVerificationEngine - INFO - 🎯 Vulnerability-specific verification for cross-site scripting (xss)
2025-10-01 19:32:08,577 - AEGIS-X.EliteVerificationEngine - INFO - ✅ Elite verification complete for mutated_xss_f6bbc2ab_26: False (confidence: 0.35)
2025-10-01 19:32:08,577 - AEGIS-X.EliteVerificationEngine - INFO - 🔍 Starting elite verification for vulnerability: Reflected XSS in q parameter
2025-10-01 19:32:08,577 - AEGIS-X.EliteVerificationEngine - INFO - 🎯 Layer 1: Payload Validation
2025-10-01 19:32:08,577 - AEGIS-X.EliteVerificationEngine - INFO - 📊 Layer 2: Response Analysis
2025-10-01 19:32:08,578 - AEGIS-X.EliteVerificationEngine - INFO - 🌐 Layer 3: Behavioral Verification
2025-10-01 19:32:08,585 - AEGIS-X.EliteVerificationEngine - INFO - 💥 Layer 4: Impact Simulation
2025-10-01 19:32:08,585 - AEGIS-X.EliteVerificationEngine - INFO - 🔗 Layer 5: Exploit Chain Validation
2025-10-01 19:32:08,585 - AEGIS-X.EliteVerificationEngine - INFO - 🚫 Layer 6: False Positive Elimination
2025-10-01 19:32:08,585 - AEGIS-X.EliteVerificationEngine - INFO - 🎯 Vulnerability-specific verification for cross-site scripting (xss)
2025-10-01 19:32:08,585 - AEGIS-X.EliteVerificationEngine - INFO - ✅ Elite verification complete for mutated_xss_f6bbc2ab_27: False (confidence: 0.35)
2025-10-01 19:32:08,585 - AEGIS-X.EliteVerificationEngine - INFO - 🔍 Starting elite verification for vulnerability: Reflected XSS in q parameter
2025-10-01 19:32:08,585 - AEGIS-X.EliteVerificationEngine - INFO - 🎯 Layer 1: Payload Validation
2025-10-01 19:32:08,585 - AEGIS-X.EliteVerificationEngine - INFO - 📊 Layer 2: Response Analysis
2025-10-01 19:32:08,586 - AEGIS-X.EliteVerificationEngine - INFO - 🌐 Layer 3: Behavioral Verification
2025-10-01 19:32:08,623 - AEGIS-X.EliteVerificationEngine - INFO - 💥 Layer 4: Impact Simulation
2025-10-01 19:32:08,623 - AEGIS-X.EliteVerificationEngine - INFO - 🔗 Layer 5: Exploit Chain Validation
2025-10-01 19:32:08,623 - AEGIS-X.EliteVerificationEngine - INFO - 🚫 Layer 6: False Positive Elimination
2025-10-01 19:32:08,623 - AEGIS-X.EliteVerificationEngine - INFO - 🎯 Vulnerability-specific verification for cross-site scripting (xss)
2025-10-01 19:32:08,623 - AEGIS-X.EliteVerificationEngine - INFO - ✅ Elite verification complete for mutated_xss_f6bbc2ab_28: False (confidence: 0.35)
2025-10-01 19:32:08,623 - AEGIS-X.EliteVerificationEngine - INFO - 🔍 Starting elite verification for vulnerability: Reflected XSS in q parameter
2025-10-01 19:32:08,623 - AEGIS-X.EliteVerificationEngine - INFO - 🎯 Layer 1: Payload Validation
2025-10-01 19:32:08,623 - AEGIS-X.EliteVerificationEngine - INFO - 📊 Layer 2: Response Analysis
2025-10-01 19:32:08,624 - AEGIS-X.EliteVerificationEngine - INFO - 🌐 Layer 3: Behavioral Verification
2025-10-01 19:32:08,631 - AEGIS-X.EliteVerificationEngine - INFO - 💥 Layer 4: Impact Simulation
2025-10-01 19:32:08,631 - AEGIS-X.EliteVerificationEngine - INFO - 🔗 Layer 5: Exploit Chain Validation
2025-10-01 19:32:08,632 - AEGIS-X.EliteVerificationEngine - INFO - 🚫 Layer 6: False Positive Elimination
2025-10-01 19:32:08,632 - AEGIS-X.EliteVerificationEngine - INFO - 🎯 Vulnerability-specific verification for cross-site scripting (xss)
2025-10-01 19:32:08,632 - AEGIS-X.EliteVerificationEngine - INFO - ✅ Elite verification complete for mutated_xss_f6bbc2ab_29: False (confidence: 0.35)
2025-10-01 19:32:08,632 - AEGIS-X.EliteVerificationEngine - INFO - 🔍 Starting elite verification for vulnerability: Reflected XSS in q parameter
2025-10-01 19:32:08,632 - AEGIS-X.EliteVerificationEngine - INFO - 🎯 Layer 1: Payload Validation
2025-10-01 19:32:08,632 - AEGIS-X.EliteVerificationEngine - INFO - 📊 Layer 2: Response Analysis
2025-10-01 19:32:08,633 - AEGIS-X.EliteVerificationEngine - INFO - 🌐 Layer 3: Behavioral Verification
2025-10-01 19:32:08,669 - AEGIS-X.EliteVerificationEngine - INFO - 💥 Layer 4: Impact Simulation
2025-10-01 19:32:08,669 - AEGIS-X.EliteVerificationEngine - INFO - 🔗 Layer 5: Exploit Chain Validation
2025-10-01 19:32:08,669 - AEGIS-X.EliteVerificationEngine - INFO - 🚫 Layer 6: False Positive Elimination
2025-10-01 19:32:08,669 - AEGIS-X.EliteVerificationEngine - INFO - 🎯 Vulnerability-specific verification for cross-site scripting (xss)
2025-10-01 19:32:08,669 - AEGIS-X.EliteVerificationEngine - INFO - ✅ Elite verification complete for mutated_xss_0e1c88df_30: False (confidence: 0.35)
2025-10-01 19:32:08,669 - AEGIS-X.EliteVerificationEngine - INFO - 🔍 Starting elite verification for vulnerability: Reflected XSS in q parameter
2025-10-01 19:32:08,669 - AEGIS-X.EliteVerificationEngine - INFO - 🎯 Layer 1: Payload Validation
2025-10-01 19:32:08,669 - AEGIS-X.EliteVerificationEngine - INFO - 📊 Layer 2: Response Analysis
2025-10-01 19:32:08,670 - AEGIS-X.EliteVerificationEngine - INFO - 🌐 Layer 3: Behavioral Verification
2025-10-01 19:32:08,677 - AEGIS-X.EliteVerificationEngine - INFO - 💥 Layer 4: Impact Simulation
2025-10-01 19:32:08,677 - AEGIS-X.EliteVerificationEngine - INFO - 🔗 Layer 5: Exploit Chain Validation
2025-10-01 19:32:08,677 - AEGIS-X.EliteVerificationEngine - INFO - 🚫 Layer 6: False Positive Elimination
2025-10-01 19:32:08,677 - AEGIS-X.EliteVerificationEngine - INFO - 🎯 Vulnerability-specific verification for cross-site scripting (xss)
2025-10-01 19:32:08,677 - AEGIS-X.EliteVerificationEngine - INFO - ✅ Elite verification complete for mutated_xss_0e1c88df_31: False (confidence: 0.35)
2025-10-01 19:32:08,677 - AEGIS-X.EliteVerificationEngine - INFO - 🔍 Starting elite verification for vulnerability: Reflected XSS in q parameter
2025-10-01 19:32:08,677 - AEGIS-X.EliteVerificationEngine - INFO - 🎯 Layer 1: Payload Validation
2025-10-01 19:32:08,677 - AEGIS-X.EliteVerificationEngine - INFO - 📊 Layer 2: Response Analysis
2025-10-01 19:32:08,678 - AEGIS-X.EliteVerificationEngine - INFO - 🌐 Layer 3: Behavioral Verification
2025-10-01 19:32:08,708 - AEGIS-X.EliteVerificationEngine - INFO - 💥 Layer 4: Impact Simulation
2025-10-01 19:32:08,708 - AEGIS-X.EliteVerificationEngine - INFO - 🔗 Layer 5: Exploit Chain Validation
2025-10-01 19:32:08,708 - AEGIS-X.EliteVerificationEngine - INFO - 🚫 Layer 6: False Positive Elimination
2025-10-01 19:32:08,708 - AEGIS-X.EliteVerificationEngine - INFO - 🎯 Vulnerability-specific verification for cross-site scripting (xss)
2025-10-01 19:32:08,708 - AEGIS-X.EliteVerificationEngine - INFO - ✅ Elite verification complete for mutated_xss_0e1c88df_32: False (confidence: 0.35)
2025-10-01 19:32:08,709 - AEGIS-X.EliteVerificationEngine - INFO - 🔍 Starting elite verification for vulnerability: Reflected XSS in q parameter
2025-10-01 19:32:08,709 - AEGIS-X.EliteVerificationEngine - INFO - 🎯 Layer 1: Payload Validation
2025-10-01 19:32:08,709 - AEGIS-X.EliteVerificationEngine - INFO - 📊 Layer 2: Response Analysis
2025-10-01 19:32:08,710 - AEGIS-X.EliteVerificationEngine - INFO - 🌐 Layer 3: Behavioral Verification
2025-10-01 19:32:08,715 - AEGIS-X.EliteVerificationEngine - INFO - 💥 Layer 4: Impact Simulation
2025-10-01 19:32:08,716 - AEGIS-X.EliteVerificationEngine - INFO - 🔗 Layer 5: Exploit Chain Validation
2025-10-01 19:32:08,716 - AEGIS-X.EliteVerificationEngine - INFO - 🚫 Layer 6: False Positive Elimination
2025-10-01 19:32:08,716 - AEGIS-X.EliteVerificationEngine - INFO - 🎯 Vulnerability-specific verification for cross-site scripting (xss)
2025-10-01 19:32:08,716 - AEGIS-X.EliteVerificationEngine - INFO - ✅ Elite verification complete for mutated_xss_0e1c88df_33: False (confidence: 0.35)
2025-10-01 19:32:08,716 - AEGIS-X.EliteVerificationEngine - INFO - 🔍 Starting elite verification for vulnerability: Reflected XSS in q parameter
2025-10-01 19:32:08,716 - AEGIS-X.EliteVerificationEngine - INFO - 🎯 Layer 1: Payload Validation
2025-10-01 19:32:08,716 - AEGIS-X.EliteVerificationEngine - INFO - 📊 Layer 2: Response Analysis
2025-10-01 19:32:08,717 - AEGIS-X.EliteVerificationEngine - INFO - 🌐 Layer 3: Behavioral Verification
2025-10-01 19:32:08,748 - AEGIS-X.EliteVerificationEngine - INFO - 💥 Layer 4: Impact Simulation
2025-10-01 19:32:08,748 - AEGIS-X.EliteVerificationEngine - INFO - 🔗 Layer 5: Exploit Chain Validation
2025-10-01 19:32:08,748 - AEGIS-X.EliteVerificationEngine - INFO - 🚫 Layer 6: False Positive Elimination
2025-10-01 19:32:08,748 - AEGIS-X.EliteVerificationEngine - INFO - 🎯 Vulnerability-specific verification for cross-site scripting (xss)
2025-10-01 19:32:08,748 - AEGIS-X.EliteVerificationEngine - INFO - ✅ Elite verification complete for mutated_xss_0e1c88df_34: False (confidence: 0.35)
2025-10-01 19:32:08,749 - AEGIS-X.EliteVerificationEngine - INFO - 🔍 Starting elite verification for vulnerability: Reflected XSS in q parameter
2025-10-01 19:32:08,749 - AEGIS-X.EliteVerificationEngine - INFO - 🎯 Layer 1: Payload Validation
2025-10-01 19:32:08,749 - AEGIS-X.EliteVerificationEngine - INFO - 📊 Layer 2: Response Analysis
2025-10-01 19:32:08,750 - AEGIS-X.EliteVerificationEngine - INFO - 🌐 Layer 3: Behavioral Verification
2025-10-01 19:32:08,755 - AEGIS-X.EliteVerificationEngine - INFO - 💥 Layer 4: Impact Simulation
2025-10-01 19:32:08,755 - AEGIS-X.EliteVerificationEngine - INFO - 🔗 Layer 5: Exploit Chain Validation
2025-10-01 19:32:08,755 - AEGIS-X.EliteVerificationEngine - INFO - 🚫 Layer 6: False Positive Elimination
2025-10-01 19:32:08,755 - AEGIS-X.EliteVerificationEngine - INFO - 🎯 Vulnerability-specific verification for cross-site scripting (xss)
2025-10-01 19:32:08,756 - AEGIS-X.EliteVerificationEngine - INFO - ✅ Elite verification complete for mutated_xss_ab19f9ed_35: False (confidence: 0.35)
2025-10-01 19:32:08,756 - AEGIS-X.EliteVerificationEngine - INFO - 🔍 Starting elite verification for vulnerability: Reflected XSS in q parameter
2025-10-01 19:32:08,756 - AEGIS-X.EliteVerificationEngine - INFO - 🎯 Layer 1: Payload Validation
2025-10-01 19:32:08,756 - AEGIS-X.EliteVerificationEngine - INFO - 📊 Layer 2: Response Analysis
2025-10-01 19:32:08,757 - AEGIS-X.EliteVerificationEngine - INFO - 🌐 Layer 3: Behavioral Verification
2025-10-01 19:32:08,793 - AEGIS-X.EliteVerificationEngine - INFO - 💥 Layer 4: Impact Simulation
2025-10-01 19:32:08,793 - AEGIS-X.EliteVerificationEngine - INFO - 🔗 Layer 5: Exploit Chain Validation
2025-10-01 19:32:08,793 - AEGIS-X.EliteVerificationEngine - INFO - 🚫 Layer 6: False Positive Elimination
2025-10-01 19:32:08,793 - AEGIS-X.EliteVerificationEngine - INFO - 🎯 Vulnerability-specific verification for cross-site scripting (xss)
2025-10-01 19:32:08,793 - AEGIS-X.EliteVerificationEngine - INFO - ✅ Elite verification complete for mutated_xss_ab19f9ed_36: False (confidence: 0.35)
2025-10-01 19:32:08,793 - AEGIS-X.EliteVerificationEngine - INFO - 🔍 Starting elite verification for vulnerability: Reflected XSS in q parameter
2025-10-01 19:32:08,793 - AEGIS-X.EliteVerificationEngine - INFO - 🎯 Layer 1: Payload Validation
2025-10-01 19:32:08,793 - AEGIS-X.EliteVerificationEngine - INFO - 📊 Layer 2: Response Analysis
2025-10-01 19:32:38,856 - AEGIS-X.EliteVerificationEngine - INFO - 🌐 Layer 3: Behavioral Verification
2025-10-01 19:32:38,864 - AEGIS-X.EliteVerificationEngine - INFO - 💥 Layer 4: Impact Simulation
2025-10-01 19:32:38,864 - AEGIS-X.EliteVerificationEngine - INFO - 🔗 Layer 5: Exploit Chain Validation
2025-10-01 19:32:38,864 - AEGIS-X.EliteVerificationEngine - INFO - 🚫 Layer 6: False Positive Elimination
2025-10-01 19:32:38,864 - AEGIS-X.EliteVerificationEngine - INFO - 🎯 Vulnerability-specific verification for cross-site scripting (xss)
2025-10-01 19:32:38,864 - AEGIS-X.EliteVerificationEngine - INFO - ✅ Elite verification complete for mutated_xss_ab19f9ed_37: False (confidence: 0.00)
2025-10-01 19:32:38,864 - AEGIS-X.EliteVerificationEngine - INFO - 🔍 Starting elite verification for vulnerability: Reflected XSS in q parameter
2025-10-01 19:32:38,864 - AEGIS-X.EliteVerificationEngine - INFO - 🎯 Layer 1: Payload Validation
2025-10-01 19:32:38,864 - AEGIS-X.EliteVerificationEngine - INFO - 📊 Layer 2: Response Analysis
2025-10-01 19:33:09,857 - AEGIS-X.EliteVerificationEngine - INFO - 🌐 Layer 3: Behavioral Verification
2025-10-01 19:33:09,890 - AEGIS-X.EliteVerificationEngine - INFO - 💥 Layer 4: Impact Simulation
2025-10-01 19:33:09,890 - AEGIS-X.EliteVerificationEngine - INFO - 🔗 Layer 5: Exploit Chain Validation
2025-10-01 19:33:09,890 - AEGIS-X.EliteVerificationEngine - INFO - 🚫 Layer 6: False Positive Elimination
2025-10-01 19:33:09,890 - AEGIS-X.EliteVerificationEngine - INFO - 🎯 Vulnerability-specific verification for cross-site scripting (xss)
2025-10-01 19:33:09,890 - AEGIS-X.EliteVerificationEngine - INFO - ✅ Elite verification complete for mutated_xss_ab19f9ed_38: False (confidence: 0.00)
2025-10-01 19:33:09,890 - AEGIS-X.EliteVerificationEngine - INFO - 🔍 Starting elite verification for vulnerability: Reflected XSS in q parameter
2025-10-01 19:33:09,890 - AEGIS-X.EliteVerificationEngine - INFO - 🎯 Layer 1: Payload Validation
2025-10-01 19:33:09,890 - AEGIS-X.EliteVerificationEngine - INFO - 📊 Layer 2: Response Analysis
2025-10-01 19:33:09,892 - AEGIS-X.EliteVerificationEngine - INFO - 🌐 Layer 3: Behavioral Verification
2025-10-01 19:33:09,898 - AEGIS-X.EliteVerificationEngine - INFO - 💥 Layer 4: Impact Simulation
2025-10-01 19:33:09,898 - AEGIS-X.EliteVerificationEngine - INFO - 🔗 Layer 5: Exploit Chain Validation
2025-10-01 19:33:09,898 - AEGIS-X.EliteVerificationEngine - INFO - 🚫 Layer 6: False Positive Elimination
2025-10-01 19:33:09,898 - AEGIS-X.EliteVerificationEngine - INFO - 🎯 Vulnerability-specific verification for cross-site scripting (xss)
2025-10-01 19:33:09,898 - AEGIS-X.EliteVerificationEngine - INFO - ✅ Elite verification complete for mutated_xss_ab19f9ed_39: False (confidence: 0.35)
2025-10-01 19:33:09,898 - AEGIS-X.EliteVerificationEngine - INFO - 🔍 Starting elite verification for vulnerability: Reflected XSS in q parameter
2025-10-01 19:33:09,898 - AEGIS-X.EliteVerificationEngine - INFO - 🎯 Layer 1: Payload Validation
2025-10-01 19:33:09,898 - AEGIS-X.EliteVerificationEngine - INFO - 📊 Layer 2: Response Analysis
2025-10-01 19:33:09,899 - AEGIS-X.EliteVerificationEngine - INFO - 🌐 Layer 3: Behavioral Verification
2025-10-01 19:33:09,934 - AEGIS-X.EliteVerificationEngine - INFO - 💥 Layer 4: Impact Simulation
2025-10-01 19:33:09,934 - AEGIS-X.EliteVerificationEngine - INFO - 🔗 Layer 5: Exploit Chain Validation
2025-10-01 19:33:09,934 - AEGIS-X.EliteVerificationEngine - INFO - 🚫 Layer 6: False Positive Elimination
2025-10-01 19:33:09,934 - AEGIS-X.EliteVerificationEngine - INFO - 🎯 Vulnerability-specific verification for cross-site scripting (xss)
2025-10-01 19:33:09,934 - AEGIS-X.EliteVerificationEngine - INFO - ✅ Elite verification complete for mutated_xss_24fcc852_40: False (confidence: 0.35)
2025-10-01 19:33:09,934 - AEGIS-X.EliteVerificationEngine - INFO - 🔍 Starting elite verification for vulnerability: Reflected XSS in q parameter
2025-10-01 19:33:09,934 - AEGIS-X.EliteVerificationEngine - INFO - 🎯 Layer 1: Payload Validation
2025-10-01 19:33:09,934 - AEGIS-X.EliteVerificationEngine - INFO - 📊 Layer 2: Response Analysis
2025-10-01 19:33:09,936 - AEGIS-X.EliteVerificationEngine - INFO - 🌐 Layer 3: Behavioral Verification
2025-10-01 19:33:09,942 - AEGIS-X.EliteVerificationEngine - INFO - 💥 Layer 4: Impact Simulation
2025-10-01 19:33:09,942 - AEGIS-X.EliteVerificationEngine - INFO - 🔗 Layer 5: Exploit Chain Validation
2025-10-01 19:33:09,942 - AEGIS-X.EliteVerificationEngine - INFO - 🚫 Layer 6: False Positive Elimination
2025-10-01 19:33:09,942 - AEGIS-X.EliteVerificationEngine - INFO - 🎯 Vulnerability-specific verification for cross-site scripting (xss)
2025-10-01 19:33:09,942 - AEGIS-X.EliteVerificationEngine - INFO - ✅ Elite verification complete for mutated_xss_24fcc852_41: False (confidence: 0.35)
2025-10-01 19:33:09,942 - AEGIS-X.EliteVerificationEngine - INFO - 🔍 Starting elite verification for vulnerability: Reflected XSS in q parameter
2025-10-01 19:33:09,942 - AEGIS-X.EliteVerificationEngine - INFO - 🎯 Layer 1: Payload Validation
2025-10-01 19:33:09,942 - AEGIS-X.EliteVerificationEngine - INFO - 📊 Layer 2: Response Analysis
2025-10-01 19:33:09,944 - AEGIS-X.EliteVerificationEngine - INFO - 🌐 Layer 3: Behavioral Verification
2025-10-01 19:33:09,977 - AEGIS-X.EliteVerificationEngine - INFO - 💥 Layer 4: Impact Simulation
2025-10-01 19:33:09,977 - AEGIS-X.EliteVerificationEngine - INFO - 🔗 Layer 5: Exploit Chain Validation
2025-10-01 19:33:09,977 - AEGIS-X.EliteVerificationEngine - INFO - 🚫 Layer 6: False Positive Elimination
2025-10-01 19:33:09,977 - AEGIS-X.EliteVerificationEngine - INFO - 🎯 Vulnerability-specific verification for cross-site scripting (xss)
2025-10-01 19:33:09,977 - AEGIS-X.EliteVerificationEngine - INFO - ✅ Elite verification complete for mutated_xss_24fcc852_42: False (confidence: 0.35)
2025-10-01 19:33:09,977 - AEGIS-X.EliteVerificationEngine - INFO - 🔍 Starting elite verification for vulnerability: Reflected XSS in q parameter
2025-10-01 19:33:09,977 - AEGIS-X.EliteVerificationEngine - INFO - 🎯 Layer 1: Payload Validation
2025-10-01 19:33:09,977 - AEGIS-X.EliteVerificationEngine - INFO - 📊 Layer 2: Response Analysis
2025-10-01 19:33:09,978 - AEGIS-X.EliteVerificationEngine - INFO - 🌐 Layer 3: Behavioral Verification
2025-10-01 19:33:09,984 - AEGIS-X.EliteVerificationEngine - INFO - 💥 Layer 4: Impact Simulation
2025-10-01 19:33:09,984 - AEGIS-X.EliteVerificationEngine - INFO - 🔗 Layer 5: Exploit Chain Validation
2025-10-01 19:33:09,984 - AEGIS-X.EliteVerificationEngine - INFO - 🚫 Layer 6: False Positive Elimination
2025-10-01 19:33:09,984 - AEGIS-X.EliteVerificationEngine - INFO - 🎯 Vulnerability-specific verification for cross-site scripting (xss)
2025-10-01 19:33:09,984 - AEGIS-X.EliteVerificationEngine - INFO - ✅ Elite verification complete for mutated_xss_24fcc852_43: False (confidence: 0.35)
2025-10-01 19:33:09,984 - AEGIS-X.EliteVerificationEngine - INFO - 🔍 Starting elite verification for vulnerability: Reflected XSS in q parameter
2025-10-01 19:33:09,984 - AEGIS-X.EliteVerificationEngine - INFO - 🎯 Layer 1: Payload Validation
2025-10-01 19:33:09,984 - AEGIS-X.EliteVerificationEngine - INFO - 📊 Layer 2: Response Analysis
2025-10-01 19:33:09,985 - AEGIS-X.EliteVerificationEngine - INFO - 🌐 Layer 3: Behavioral Verification
2025-10-01 19:33:10,016 - AEGIS-X.EliteVerificationEngine - INFO - 💥 Layer 4: Impact Simulation
2025-10-01 19:33:10,016 - AEGIS-X.EliteVerificationEngine - INFO - 🔗 Layer 5: Exploit Chain Validation
2025-10-01 19:33:10,016 - AEGIS-X.EliteVerificationEngine - INFO - 🚫 Layer 6: False Positive Elimination
2025-10-01 19:33:10,016 - AEGIS-X.EliteVerificationEngine - INFO - 🎯 Vulnerability-specific verification for cross-site scripting (xss)
2025-10-01 19:33:10,016 - AEGIS-X.EliteVerificationEngine - INFO - ✅ Elite verification complete for mutated_xss_24fcc852_44: False (confidence: 0.35)
2025-10-01 19:33:10,016 - AEGIS-X.EliteVerificationEngine - INFO - 🔍 Starting elite verification for vulnerability: Reflected XSS in q parameter
2025-10-01 19:33:10,016 - AEGIS-X.EliteVerificationEngine - INFO - 🎯 Layer 1: Payload Validation
2025-10-01 19:33:10,016 - AEGIS-X.EliteVerificationEngine - INFO - 📊 Layer 2: Response Analysis
2025-10-01 19:33:10,018 - AEGIS-X.EliteVerificationEngine - INFO - 🌐 Layer 3: Behavioral Verification
2025-10-01 19:33:10,023 - AEGIS-X.EliteVerificationEngine - INFO - 💥 Layer 4: Impact Simulation
2025-10-01 19:33:10,023 - AEGIS-X.EliteVerificationEngine - INFO - 🔗 Layer 5: Exploit Chain Validation
2025-10-01 19:33:10,023 - AEGIS-X.EliteVerificationEngine - INFO - 🚫 Layer 6: False Positive Elimination
2025-10-01 19:33:10,023 - AEGIS-X.EliteVerificationEngine - INFO - 🎯 Vulnerability-specific verification for cross-site scripting (xss)
2025-10-01 19:33:10,024 - AEGIS-X.EliteVerificationEngine - INFO - ✅ Elite verification complete for mutated_xss_41de20be_45: False (confidence: 0.35)
2025-10-01 19:33:10,024 - AEGIS-X.EliteVerificationEngine - INFO - 🔍 Starting elite verification for vulnerability: Reflected XSS in q parameter
2025-10-01 19:33:10,024 - AEGIS-X.EliteVerificationEngine - INFO - 🎯 Layer 1: Payload Validation
2025-10-01 19:33:10,024 - AEGIS-X.EliteVerificationEngine - INFO - 📊 Layer 2: Response Analysis
2025-10-01 19:33:10,025 - AEGIS-X.EliteVerificationEngine - INFO - 🌐 Layer 3: Behavioral Verification
2025-10-01 19:33:10,058 - AEGIS-X.EliteVerificationEngine - INFO - 💥 Layer 4: Impact Simulation
2025-10-01 19:33:10,058 - AEGIS-X.EliteVerificationEngine - INFO - 🔗 Layer 5: Exploit Chain Validation
2025-10-01 19:33:10,058 - AEGIS-X.EliteVerificationEngine - INFO - 🚫 Layer 6: False Positive Elimination
2025-10-01 19:33:10,058 - AEGIS-X.EliteVerificationEngine - INFO - 🎯 Vulnerability-specific verification for cross-site scripting (xss)
2025-10-01 19:33:10,058 - AEGIS-X.EliteVerificationEngine - INFO - ✅ Elite verification complete for mutated_xss_41de20be_46: False (confidence: 0.35)
2025-10-01 19:33:10,058 - AEGIS-X.EliteVerificationEngine - INFO - 🔍 Starting elite verification for vulnerability: Reflected XSS in q parameter
2025-10-01 19:33:10,058 - AEGIS-X.EliteVerificationEngine - INFO - 🎯 Layer 1: Payload Validation
2025-10-01 19:33:10,058 - AEGIS-X.EliteVerificationEngine - INFO - 📊 Layer 2: Response Analysis
2025-10-01 19:33:10,060 - AEGIS-X.EliteVerificationEngine - INFO - 🌐 Layer 3: Behavioral Verification
2025-10-01 19:33:10,068 - AEGIS-X.EliteVerificationEngine - INFO - 💥 Layer 4: Impact Simulation
2025-10-01 19:33:10,069 - AEGIS-X.EliteVerificationEngine - INFO - 🔗 Layer 5: Exploit Chain Validation
2025-10-01 19:33:10,069 - AEGIS-X.EliteVerificationEngine - INFO - 🚫 Layer 6: False Positive Elimination
2025-10-01 19:33:10,069 - AEGIS-X.EliteVerificationEngine - INFO - 🎯 Vulnerability-specific verification for cross-site scripting (xss)
2025-10-01 19:33:10,069 - AEGIS-X.EliteVerificationEngine - INFO - ✅ Elite verification complete for mutated_xss_41de20be_47: False (confidence: 0.35)
2025-10-01 19:33:10,069 - AEGIS-X.EliteVerificationEngine - INFO - 🔍 Starting elite verification for vulnerability: Reflected XSS in q parameter
2025-10-01 19:33:10,069 - AEGIS-X.EliteVerificationEngine - INFO - 🎯 Layer 1: Payload Validation
2025-10-01 19:33:10,069 - AEGIS-X.EliteVerificationEngine - INFO - 📊 Layer 2: Response Analysis
2025-10-01 19:33:10,070 - AEGIS-X.EliteVerificationEngine - INFO - 🌐 Layer 3: Behavioral Verification
2025-10-01 19:33:10,101 - AEGIS-X.EliteVerificationEngine - INFO - 💥 Layer 4: Impact Simulation
2025-10-01 19:33:10,101 - AEGIS-X.EliteVerificationEngine - INFO - 🔗 Layer 5: Exploit Chain Validation
2025-10-01 19:33:10,101 - AEGIS-X.EliteVerificationEngine - INFO - 🚫 Layer 6: False Positive Elimination
2025-10-01 19:33:10,101 - AEGIS-X.EliteVerificationEngine - INFO - 🎯 Vulnerability-specific verification for cross-site scripting (xss)
2025-10-01 19:33:10,101 - AEGIS-X.EliteVerificationEngine - INFO - ✅ Elite verification complete for mutated_xss_41de20be_48: False (confidence: 0.35)
2025-10-01 19:33:10,101 - AEGIS-X.EliteVerificationEngine - INFO - 🔍 Starting elite verification for vulnerability: Reflected XSS in q parameter
2025-10-01 19:33:10,101 - AEGIS-X.EliteVerificationEngine - INFO - 🎯 Layer 1: Payload Validation
2025-10-01 19:33:10,101 - AEGIS-X.EliteVerificationEngine - INFO - 📊 Layer 2: Response Analysis
2025-10-01 19:33:10,102 - AEGIS-X.EliteVerificationEngine - INFO - 🌐 Layer 3: Behavioral Verification
2025-10-01 19:33:10,108 - AEGIS-X.EliteVerificationEngine - INFO - 💥 Layer 4: Impact Simulation
2025-10-01 19:33:10,109 - AEGIS-X.EliteVerificationEngine - INFO - 🔗 Layer 5: Exploit Chain Validation
2025-10-01 19:33:10,109 - AEGIS-X.EliteVerificationEngine - INFO - 🚫 Layer 6: False Positive Elimination
2025-10-01 19:33:10,109 - AEGIS-X.EliteVerificationEngine - INFO - 🎯 Vulnerability-specific verification for cross-site scripting (xss)
2025-10-01 19:33:10,109 - AEGIS-X.EliteVerificationEngine - INFO - ✅ Elite verification complete for mutated_xss_41de20be_49: False (confidence: 0.35)
2025-10-01 19:33:10,109 - __main__ - INFO - 🔍 Advanced verification complete: 17 vulnerabilities verified
2025-10-01 19:33:10,109 - __main__ - INFO - 🥷 PHASE 4: STEALTH ANALYSIS
2025-10-01 19:33:10,109 - __main__ - INFO - 🥷 Stealth analysis complete: 0.0% success rate
2025-10-01 19:33:10,109 - __main__ - INFO - ✅ PHASE 5: SUCCESS VALIDATION
2025-10-01 19:33:10,109 - __main__ - INFO - 📋 PHASE 6: ULTIMATE REPORTING
2025-10-01 19:33:10,122 - __main__ - INFO - 📊 Hunt summary saved: output/hunt_summary.txt
2025-10-01 19:33:10,122 - __main__ - INFO - 📋 Ultimate report saved: output/ultimate_report___localhost_12005_1759347190.json
2025-10-01 19:33:10,123 - __main__ - INFO - 🔥🔥🔥🔥🔥🔥🔥🔥🔥🔥🔥🔥🔥🔥🔥🔥🔥🔥🔥🔥🔥🔥🔥🔥🔥🔥🔥🔥🔥🔥🔥🔥🔥🔥🔥🔥🔥🔥🔥🔥🔥🔥🔥🔥🔥🔥🔥🔥🔥🔥🔥🔥🔥🔥🔥🔥🔥🔥🔥🔥
2025-10-01 19:33:10,123 - __main__ - INFO - 🎉 ULTIMATE AEGIS-X CAMPAIGN COMPLETED
2025-10-01 19:33:10,123 - __main__ - INFO - 🔥🔥🔥🔥🔥🔥🔥🔥🔥🔥🔥🔥🔥🔥🔥🔥🔥🔥🔥🔥🔥🔥🔥🔥🔥🔥🔥🔥🔥🔥🔥🔥🔥🔥🔥🔥🔥🔥🔥🔥🔥🔥🔥🔥🔥🔥🔥🔥🔥🔥🔥🔥🔥🔥🔥🔥🔥🔥🔥🔥
2025-10-01 19:33:10,123 - __main__ - INFO - 📊 ULTIMATE RESULTS:
2025-10-01 19:33:10,123 - __main__ - INFO -    🎯 Total Discovered: 68
2025-10-01 19:33:10,123 - __main__ - INFO -    ✅ Total Verified: 17
2025-10-01 19:33:10,123 - __main__ - INFO -    📈 Verification Rate: 25.0%
2025-10-01 19:33:10,123 - __main__ - INFO -    ⚠️ High: 16
2025-10-01 19:33:10,123 - __main__ - INFO -    📊 Medium: 1
2025-10-01 19:33:10,123 - __main__ - INFO -    🎯 Success Rate: 25.0%
2025-10-01 19:33:10,123 - __main__ - INFO -    ✅ Criteria Passed: 2/8
2025-10-01 19:33:10,123 - __main__ - WARNING - ⚠️ PARTIAL SUCCESS - ROOM FOR IMPROVEMENT
2025-10-01 19:33:10,123 - __main__ - INFO - 🔥🔥🔥🔥🔥🔥🔥🔥🔥🔥🔥🔥🔥🔥🔥🔥🔥🔥🔥🔥🔥🔥🔥🔥🔥🔥🔥🔥🔥🔥🔥🔥🔥🔥🔥🔥🔥🔥🔥🔥🔥🔥🔥🔥🔥🔥🔥🔥🔥🔥🔥🔥🔥🔥🔥🔥🔥🔥🔥🔥
2025-10-01 19:33:10,144 - asyncio - ERROR - Unclosed client session
client_session: <aiohttp.client.ClientSession object at 0x748dc57a6780>
2025-10-01 19:33:10,144 - asyncio - ERROR - Unclosed client session
client_session: <aiohttp.client.ClientSession object at 0x748dc3916540>
2025-10-02 13:48:28,273 - __main__ - INFO - 🔥 Initializing AEGIS-X Ultimate Master System...
2025-10-02 13:48:28,882 - __main__ - INFO - 🚀 AEGIS-X Ultimate Master System v7.0 initialized
2025-10-02 13:48:28,882 - __main__ - INFO - 📊 Payload Arsenal: 100,000 patterns loaded
2025-10-02 13:48:28,882 - __main__ - INFO - 🥷 Stealth Engine: 4 profiles available
2025-10-02 13:48:28,882 - __main__ - INFO - 🤖 AI Trainer: 9 methodologies loaded
2025-10-02 13:48:28,882 - __main__ - INFO - 🔥🔥🔥🔥🔥🔥🔥🔥🔥🔥🔥🔥🔥🔥🔥🔥🔥🔥🔥🔥🔥🔥🔥🔥🔥🔥🔥🔥🔥🔥🔥🔥🔥🔥🔥🔥🔥🔥🔥🔥🔥🔥🔥🔥🔥🔥🔥🔥🔥🔥🔥🔥🔥🔥🔥🔥🔥🔥🔥🔥
2025-10-02 13:48:28,883 - __main__ - INFO - 🚀 STARTING ULTIMATE AEGIS-X CAMPAIGN v7.0
2025-10-02 13:48:28,883 - __main__ - INFO - 🔥🔥🔥🔥🔥🔥🔥🔥🔥🔥🔥🔥🔥🔥🔥🔥🔥🔥🔥🔥🔥🔥🔥🔥🔥🔥🔥🔥🔥🔥🔥🔥🔥🔥🔥🔥🔥🔥🔥🔥🔥🔥🔥🔥🔥🔥🔥🔥🔥🔥🔥🔥🔥🔥🔥🔥🔥🔥🔥🔥
2025-10-02 13:48:28,883 - __main__ - INFO - 📊 Campaign ID: ultimate_campaign_1759412908
2025-10-02 13:48:28,883 - __main__ - INFO - 🎯 Target: youngplatform.com
2025-10-02 13:48:28,883 - __main__ - INFO - ⏰ Time Limit: 30 minutes
2025-10-02 13:48:28,883 - __main__ - INFO - 🥷 Stealth Profile: ghost
2025-10-02 13:48:28,883 - __main__ - INFO - 🤖 AI Training: True
2025-10-02 13:48:28,883 - __main__ - INFO - 💀 Payload Arsenal: 100,000 patterns
2025-10-02 13:48:28,883 - __main__ - INFO - 🎯 Success Criteria: {'min_critical_vulns': 5, 'min_high_vulns': 10, 'min_medium_vulns': 25, 'min_total_vulns': 40, 'min_verified_rate': 0.8, 'min_confidence_score': 0.75, 'min_exploitability_score': 0.6, 'min_exceptional_vulns': 1}
2025-10-02 13:48:28,883 - __main__ - INFO - 💀 GUARANTEED TO FIND EXCEPTIONAL VULNERABILITIES
2025-10-02 13:48:28,883 - __main__ - INFO - 🔥🔥🔥🔥🔥🔥🔥🔥🔥🔥🔥🔥🔥🔥🔥🔥🔥🔥🔥🔥🔥🔥🔥🔥🔥🔥🔥🔥🔥🔥🔥🔥🔥🔥🔥🔥🔥🔥🔥🔥🔥🔥🔥🔥🔥🔥🔥🔥🔥🔥🔥🔥🔥🔥🔥🔥🔥🔥🔥🔥
2025-10-02 13:48:28,883 - AEGIS-X.EliteVulnerabilityEngine - INFO - 🔥 Elite Vulnerability Engine initialized
2025-10-02 13:48:28,883 - AEGIS-X.EliteVulnerabilityEngine - INFO - 🎯 Loaded 154 elite payloads
2025-10-02 13:48:28,883 - AEGIS-X.EliteVulnerabilityEngine - INFO - 🔍 Configured 16 reconnaissance techniques
2025-10-02 13:48:28,894 - __main__ - INFO - 💉 Injected 100,000 ultimate payloads into vulnerability engine
2025-10-02 13:48:28,896 - AEGIS-X.EliteVerificationEngine - INFO - 🔥 Elite Verification Engine initialized
2025-10-02 13:48:28,896 - AEGIS-X.EliteVerificationEngine - INFO - 🔍 Configured 6 verification layers
2025-10-02 13:48:28,896 - AEGIS-X.EliteVerificationEngine - INFO - 🎯 Loaded 10 vulnerability-specific techniques
2025-10-02 13:48:28,896 - __main__ - INFO - ⚡ All engines initialized successfully
2025-10-02 13:48:28,896 - core.stealth_evasion_engine - INFO - 🥷 Stealth profile set to: ghost
2025-10-02 13:48:28,896 - __main__ - INFO - 🤖 PHASE 1: AI AGENT TRAINING & RECONNAISSANCE
2025-10-02 13:48:28,896 - __main__ - INFO - 🤖 AI Agent provided 5 methodology recommendations
2025-10-02 13:48:28,896 - core.ai_agent_trainer - INFO - 🎯 Starting agent training with scenario: Cloud Infrastructure Assessment
2025-10-02 13:48:28,896 - __main__ - INFO - 🎯 AI Training completed: 0.0% success rate
2025-10-02 13:48:28,896 - __main__ - INFO - ⚡ PHASE 2: ULTIMATE VULNERABILITY DISCOVERY
2025-10-02 13:48:28,896 - AEGIS-X.EliteVulnerabilityEngine - INFO - 🔍 Starting elite reconnaissance for youngplatform.com
2025-10-02 13:48:28,942 - AEGIS-X.EliteVulnerabilityEngine - INFO - 🌐 Found subdomain: www.youngplatform.com
2025-10-02 13:48:28,972 - AEGIS-X.EliteVulnerabilityEngine - INFO - 🌐 Found subdomain: api.youngplatform.com
2025-10-02 13:48:29,197 - AEGIS-X.EliteVulnerabilityEngine - INFO - 🌐 Found subdomain: blog.youngplatform.com
2025-10-02 13:48:29,898 - AEGIS-X.EliteVulnerabilityEngine - INFO - 🌐 Found subdomain: images.youngplatform.com
2025-10-02 13:48:30,210 - AEGIS-X.EliteVulnerabilityEngine - INFO - 🌐 Found subdomain: support.youngplatform.com
2025-10-02 13:48:30,454 - AEGIS-X.EliteVulnerabilityEngine - INFO - 🌐 Found subdomain: demo.youngplatform.com
2025-10-02 13:48:31,618 - AEGIS-X.EliteVulnerabilityEngine - INFO - 🔗 Found endpoint: https://youngplatform.com/ (200)
2025-10-02 13:48:31,649 - AEGIS-X.EliteVulnerabilityEngine - INFO - 📄 Found interesting file: https://youngplatform.com/robots.txt
2025-10-02 13:48:31,825 - AEGIS-X.EliteVulnerabilityEngine - INFO - 📄 Found interesting file: https://youngplatform.com/sitemap.xml
2025-10-02 13:48:33,068 - AEGIS-X.EliteVulnerabilityEngine - INFO - 🔗 Found endpoint: https://youngplatform.com/robots.txt (200)
2025-10-02 13:48:33,134 - AEGIS-X.EliteVulnerabilityEngine - INFO - 🔗 Found endpoint: https://youngplatform.com/sitemap.xml (200)
2025-10-02 13:48:34,472 - AEGIS-X.EliteVulnerabilityEngine - INFO - 🔗 Found endpoint: https://youngplatform.com/.env (403)
2025-10-02 13:48:34,495 - AEGIS-X.EliteVulnerabilityEngine - INFO - 🔗 Found endpoint: https://youngplatform.com/.git (403)
2025-10-02 13:48:34,610 - AEGIS-X.EliteVulnerabilityEngine - INFO - 🔗 Found endpoint: https://youngplatform.com/.svn (403)
2025-10-02 13:48:42,228 - AEGIS-X.EliteVulnerabilityEngine - INFO - 🔍 Elite reconnaissance complete:
2025-10-02 13:48:42,228 - AEGIS-X.EliteVulnerabilityEngine - INFO -    🌐 Subdomains: 6
2025-10-02 13:48:42,228 - AEGIS-X.EliteVulnerabilityEngine - INFO -    🔗 Endpoints: 8
2025-10-02 13:48:42,228 - AEGIS-X.EliteVulnerabilityEngine - INFO -    📝 Parameters: 53
2025-10-02 13:48:42,228 - AEGIS-X.EliteVulnerabilityEngine - INFO -    🛠️ Technologies: 1
2025-10-02 13:48:42,228 - AEGIS-X.EliteVulnerabilityEngine - INFO -    📋 Forms: 0
2025-10-02 13:48:42,228 - AEGIS-X.EliteVulnerabilityEngine - INFO -    📄 Interesting files: 2
2025-10-02 13:48:42,228 - AEGIS-X.EliteVulnerabilityEngine - INFO - 🎯 Starting elite vulnerability testing for youngplatform.com
2025-10-02 13:49:33,305 - asyncio - ERROR - Unclosed client session
client_session: <aiohttp.client.ClientSession object at 0x729fbc6cb050>
2025-10-02 14:04:34,873 - __main__ - INFO - 🔥 Initializing AEGIS-X Ultimate Master System...
2025-10-02 14:04:35,466 - core.threat_intelligence_engine - INFO - 🔍 Threat Intelligence Engine v2.0 initialized
2025-10-02 14:04:35,466 - core.threat_intelligence_engine - INFO - 📡 Monitoring 5 threat intelligence feeds
2025-10-02 14:04:35,466 - core.threat_intelligence_engine - INFO - 🎯 Tracking 20 vulnerability categories
2025-10-02 14:04:35,466 - __main__ - INFO - 🚀 AEGIS-X Ultimate Master System v7.0 initialized
2025-10-02 14:04:35,466 - __main__ - INFO - 📊 Payload Arsenal: 100,055 patterns loaded
2025-10-02 14:04:35,466 - __main__ - INFO - 🥷 Stealth Engine: 4 profiles available
2025-10-02 14:04:35,466 - __main__ - INFO - 🤖 AI Trainer: 9 methodologies loaded
2025-10-02 14:04:35,466 - __main__ - INFO - 🔍 Threat Intelligence: 5 feeds monitored
2025-10-02 14:04:35,467 - __main__ - INFO - 🔥🔥🔥🔥🔥🔥🔥🔥🔥🔥🔥🔥🔥🔥🔥🔥🔥🔥🔥🔥🔥🔥🔥🔥🔥🔥🔥🔥🔥🔥🔥🔥🔥🔥🔥🔥🔥🔥🔥🔥🔥🔥🔥🔥🔥🔥🔥🔥🔥🔥🔥🔥🔥🔥🔥🔥🔥🔥🔥🔥
2025-10-02 14:04:35,467 - __main__ - INFO - 🚀 STARTING ULTIMATE AEGIS-X CAMPAIGN v7.0
2025-10-02 14:04:35,467 - __main__ - INFO - 🔥🔥🔥🔥🔥🔥🔥🔥🔥🔥🔥🔥🔥🔥🔥🔥🔥🔥🔥🔥🔥🔥🔥🔥🔥🔥🔥🔥🔥🔥🔥🔥🔥🔥🔥🔥🔥🔥🔥🔥🔥🔥🔥🔥🔥🔥🔥🔥🔥🔥🔥🔥🔥🔥🔥🔥🔥🔥🔥🔥
2025-10-02 14:04:35,467 - __main__ - INFO - 📊 Campaign ID: ultimate_campaign_1759413874
2025-10-02 14:04:35,467 - __main__ - INFO - 🎯 Target: example.com
2025-10-02 14:04:35,467 - __main__ - INFO - ⏰ Time Limit: 1 minutes
2025-10-02 14:04:35,467 - __main__ - INFO - 🥷 Stealth Profile: ghost
2025-10-02 14:04:35,467 - __main__ - INFO - 🤖 AI Training: True
2025-10-02 14:04:35,467 - __main__ - INFO - 💀 Payload Arsenal: 100,055 patterns
2025-10-02 14:04:35,467 - __main__ - INFO - 🎯 Success Criteria: {'min_critical_vulns': 5, 'min_high_vulns': 10, 'min_medium_vulns': 25, 'min_total_vulns': 40, 'min_verified_rate': 0.8, 'min_confidence_score': 0.75, 'min_exploitability_score': 0.6, 'min_exceptional_vulns': 1}
2025-10-02 14:04:35,467 - __main__ - INFO - 💀 GUARANTEED TO FIND EXCEPTIONAL VULNERABILITIES
2025-10-02 14:04:35,467 - __main__ - INFO - 🔥🔥🔥🔥🔥🔥🔥🔥🔥🔥🔥🔥🔥🔥🔥🔥🔥🔥🔥🔥🔥🔥🔥🔥🔥🔥🔥🔥🔥🔥🔥🔥🔥🔥🔥🔥🔥🔥🔥🔥🔥🔥🔥🔥🔥🔥🔥🔥🔥🔥🔥🔥🔥🔥🔥🔥🔥🔥🔥🔥
2025-10-02 14:04:35,467 - AEGIS-X.EliteVulnerabilityEngine - INFO - 🔥 Elite Vulnerability Engine initialized
2025-10-02 14:04:35,467 - AEGIS-X.EliteVulnerabilityEngine - INFO - 🎯 Loaded 154 elite payloads
2025-10-02 14:04:35,467 - AEGIS-X.EliteVulnerabilityEngine - INFO - 🔍 Configured 16 reconnaissance techniques
2025-10-02 14:04:35,479 - __main__ - INFO - 💉 Injected 100,055 ultimate payloads into vulnerability engine
2025-10-02 14:04:35,480 - AEGIS-X.EliteVerificationEngine - INFO - 🔥 Elite Verification Engine initialized
2025-10-02 14:04:35,480 - AEGIS-X.EliteVerificationEngine - INFO - 🔍 Configured 6 verification layers
2025-10-02 14:04:35,480 - AEGIS-X.EliteVerificationEngine - INFO - 🎯 Loaded 10 vulnerability-specific techniques
2025-10-02 14:04:35,480 - __main__ - INFO - ⚡ All engines initialized successfully
2025-10-02 14:04:35,480 - core.stealth_evasion_engine - INFO - 🥷 Stealth profile set to: ghost
2025-10-02 14:04:35,480 - __main__ - INFO - 📡 PHASE 1: THREAT INTELLIGENCE UPDATE
2025-10-02 14:04:35,480 - core.threat_intelligence_engine - INFO - 📡 Updating threat intelligence from external sources...
2025-10-02 14:04:35,480 - core.threat_intelligence_engine - INFO - 📊 Updating CVE intelligence...
2025-10-02 14:04:35,481 - core.threat_intelligence_engine - INFO - 💥 Updating exploit intelligence...
2025-10-02 14:04:35,481 - core.threat_intelligence_engine - INFO - 💥 Retrieved 5 recent exploits
2025-10-02 14:04:35,482 - core.threat_intelligence_engine - INFO - 🔥 High priority exploits: 3
2025-10-02 14:04:35,482 - core.threat_intelligence_engine - INFO - 📋 Updating security advisories...
2025-10-02 14:04:35,482 - core.threat_intelligence_engine - INFO - 📋 Retrieved 3 security advisories
2025-10-02 14:04:35,482 - core.threat_intelligence_engine - INFO - 🎯 Updating technology-specific threats...
2025-10-02 14:04:35,482 - core.threat_intelligence_engine - INFO - 🎯 Updated threats for 8 technologies
2025-10-02 14:04:35,622 - core.threat_intelligence_engine - INFO - 📊 Retrieved 0 recent CVEs
2025-10-02 14:04:35,623 - core.threat_intelligence_engine - INFO - 📡 Threat intelligence updated: 4 sources
2025-10-02 14:04:35,623 - core.threat_intelligence_engine - INFO - 🆕 New CVEs: 0, New Exploits: 5
2025-10-02 14:04:35,623 - core.threat_intelligence_engine - INFO - 🔥 High priority threats: 5
2025-10-02 14:04:35,623 - __main__ - INFO - 🧠 PHASE 2: SMART TARGET ANALYSIS & INTELLIGENCE GATHERING
2025-10-02 14:04:35,623 - __main__ - INFO - 🧠 Performing smart target analysis...
2025-10-02 14:04:35,749 - __main__ - INFO - 🎯 Target analysis complete - Priority Score: 100
2025-10-02 14:04:35,749 - __main__ - INFO - 🔍 Technologies detected: 
2025-10-02 14:04:35,749 - __main__ - INFO - 🛡️ WAF detected: None
2025-10-02 14:04:35,750 - core.threat_intelligence_engine - INFO - 🎯 Generating target-specific threat intelligence...
2025-10-02 14:04:35,750 - core.threat_intelligence_engine - INFO - 🎯 Target risk score: 85/100
2025-10-02 14:04:35,750 - core.threat_intelligence_engine - INFO - 🔥 Priority vectors identified: 3
2025-10-02 14:04:35,750 - __main__ - INFO - 🔍 Threat intelligence integrated - Risk Score: 85/100
2025-10-02 14:04:35,750 - __main__ - INFO - 🎯 Priority attack vectors: 3
2025-10-02 14:04:35,750 - __main__ - INFO - 🔗 PHASE 3: VULNERABILITY CHAIN PLANNING
2025-10-02 14:04:35,750 - __main__ - INFO - 🔗 Building vulnerability chains...
2025-10-02 14:04:35,750 - __main__ - INFO - 🔗 Built 4 vulnerability chains
2025-10-02 14:04:35,750 - __main__ - INFO - 🤖 PHASE 4: AI AGENT TRAINING & RECONNAISSANCE
2025-10-02 14:04:35,750 - __main__ - INFO - 🤖 AI Agent provided 5 methodology recommendations
2025-10-02 14:04:35,750 - core.ai_agent_trainer - INFO - 🎯 Starting agent training with scenario: Zero-Day Research Challenge
2025-10-02 14:04:35,777 - __main__ - INFO - 🎯 AI Training completed: 100.0% success rate
2025-10-02 14:04:35,777 - __main__ - INFO - ⚡ PHASE 5: SMART VULNERABILITY CHAIN EXECUTION
2025-10-02 14:04:35,777 - __main__ - INFO - 🔗 Executing smart vulnerability chains...
2025-10-02 14:04:35,777 - __main__ - INFO - 🔗 Starting chain: Authentication Bypass Chain (Priority: 95)
2025-10-02 14:04:35,777 - __main__ - INFO - 🔗 Executing chain: Authentication Bypass Chain
2025-10-02 14:04:35,777 - __main__ - ERROR - ❌ Chain execution failed: 'StealthEvasionEngine' object has no attribute 'set_profile'
2025-10-02 14:04:35,777 - __main__ - INFO - 🔗 Chain 'Authentication Bypass Chain' completed: 0 vulnerabilities found
2025-10-02 14:04:35,777 - __main__ - INFO - 🔗 Starting chain: XSS to Account Takeover Chain (Priority: 90)
2025-10-02 14:04:35,777 - __main__ - INFO - 🔗 Executing chain: XSS to Account Takeover Chain
2025-10-02 14:04:35,777 - __main__ - ERROR - ❌ Chain execution failed: 'StealthEvasionEngine' object has no attribute 'set_profile'
2025-10-02 14:04:35,777 - __main__ - INFO - 🔗 Chain 'XSS to Account Takeover Chain' completed: 0 vulnerabilities found
2025-10-02 14:04:35,777 - __main__ - INFO - 🔗 Starting chain: Information Disclosure Chain (Priority: 85)
2025-10-02 14:04:35,777 - __main__ - INFO - 🔗 Executing chain: Information Disclosure Chain
2025-10-02 14:04:35,777 - __main__ - ERROR - ❌ Chain execution failed: 'StealthEvasionEngine' object has no attribute 'set_profile'
2025-10-02 14:04:35,777 - __main__ - INFO - 🔗 Chain 'Information Disclosure Chain' completed: 0 vulnerabilities found
2025-10-02 14:04:35,777 - __main__ - INFO - 🔗 Starting chain: API Security Chain (Priority: 80)
2025-10-02 14:04:35,778 - __main__ - INFO - 🔗 Executing chain: API Security Chain
2025-10-02 14:04:35,778 - __main__ - ERROR - ❌ Chain execution failed: 'StealthEvasionEngine' object has no attribute 'set_profile'
2025-10-02 14:04:35,778 - __main__ - INFO - 🔗 Chain 'API Security Chain' completed: 0 vulnerabilities found
2025-10-02 14:04:35,778 - __main__ - INFO - 🔗 Smart vulnerability chains completed: 0 vulnerabilities discovered
2025-10-02 14:04:35,778 - __main__ - INFO - 📊 Chain success rate: 0.0%
2025-10-02 14:04:35,778 - __main__ - INFO - 💀 PHASE 6: ULTIMATE VULNERABILITY DISCOVERY (FALLBACK)
2025-10-02 14:04:35,778 - AEGIS-X.EliteVulnerabilityEngine - INFO - 🔍 Starting elite reconnaissance for example.com
2025-10-02 14:04:35,782 - AEGIS-X.EliteVulnerabilityEngine - INFO - 🌐 Found subdomain: www.example.com
2025-10-02 14:04:38,300 - AEGIS-X.EliteVulnerabilityEngine - INFO - 🔗 Found endpoint: https://example.com/ (200)
2025-10-02 14:05:50,899 - __main__ - INFO - 🔥 Initializing AEGIS-X Ultimate Master System...
2025-10-02 14:05:51,478 - core.threat_intelligence_engine - INFO - 🔍 Threat Intelligence Engine v2.0 initialized
2025-10-02 14:05:51,478 - core.threat_intelligence_engine - INFO - 📡 Monitoring 5 threat intelligence feeds
2025-10-02 14:05:51,478 - core.threat_intelligence_engine - INFO - 🎯 Tracking 20 vulnerability categories
2025-10-02 14:05:51,478 - __main__ - INFO - 🚀 AEGIS-X Ultimate Master System v7.0 initialized
2025-10-02 14:05:51,478 - __main__ - INFO - 📊 Payload Arsenal: 100,055 patterns loaded
2025-10-02 14:05:51,478 - __main__ - INFO - 🥷 Stealth Engine: 4 profiles available
2025-10-02 14:05:51,478 - __main__ - INFO - 🤖 AI Trainer: 9 methodologies loaded
2025-10-02 14:05:51,478 - __main__ - INFO - 🔍 Threat Intelligence: 5 feeds monitored
2025-10-02 14:05:51,478 - __main__ - INFO - 🔥🔥🔥🔥🔥🔥🔥🔥🔥🔥🔥🔥🔥🔥🔥🔥🔥🔥🔥🔥🔥🔥🔥🔥🔥🔥🔥🔥🔥🔥🔥🔥🔥🔥🔥🔥🔥🔥🔥🔥🔥🔥🔥🔥🔥🔥🔥🔥🔥🔥🔥🔥🔥🔥🔥🔥🔥🔥🔥🔥
2025-10-02 14:05:51,478 - __main__ - INFO - 🚀 STARTING ULTIMATE AEGIS-X CAMPAIGN v7.0
2025-10-02 14:05:51,478 - __main__ - INFO - 🔥🔥🔥🔥🔥🔥🔥🔥🔥🔥🔥🔥🔥🔥🔥🔥🔥🔥🔥🔥🔥🔥🔥🔥🔥🔥🔥🔥🔥🔥🔥🔥🔥🔥🔥🔥🔥🔥🔥🔥🔥🔥🔥🔥🔥🔥🔥🔥🔥🔥🔥🔥🔥🔥🔥🔥🔥🔥🔥🔥
2025-10-02 14:05:51,478 - __main__ - INFO - 📊 Campaign ID: ultimate_campaign_1759413950
2025-10-02 14:05:51,478 - __main__ - INFO - 🎯 Target: example.com
2025-10-02 14:05:51,478 - __main__ - INFO - ⏰ Time Limit: 1 minutes
2025-10-02 14:05:51,478 - __main__ - INFO - 🥷 Stealth Profile: ghost
2025-10-02 14:05:51,478 - __main__ - INFO - 🤖 AI Training: True
2025-10-02 14:05:51,478 - __main__ - INFO - 💀 Payload Arsenal: 100,055 patterns
2025-10-02 14:05:51,478 - __main__ - INFO - 🎯 Success Criteria: {'min_critical_vulns': 5, 'min_high_vulns': 10, 'min_medium_vulns': 25, 'min_total_vulns': 40, 'min_verified_rate': 0.8, 'min_confidence_score': 0.75, 'min_exploitability_score': 0.6, 'min_exceptional_vulns': 1}
2025-10-02 14:05:51,479 - __main__ - INFO - 💀 GUARANTEED TO FIND EXCEPTIONAL VULNERABILITIES
2025-10-02 14:05:51,479 - __main__ - INFO - 🔥🔥🔥🔥🔥🔥🔥🔥🔥🔥🔥🔥🔥🔥🔥🔥🔥🔥🔥🔥🔥🔥🔥🔥🔥🔥🔥🔥🔥🔥🔥🔥🔥🔥🔥🔥🔥🔥🔥🔥🔥🔥🔥🔥🔥🔥🔥🔥🔥🔥🔥🔥🔥🔥🔥🔥🔥🔥🔥🔥
2025-10-02 14:05:51,479 - AEGIS-X.EliteVulnerabilityEngine - INFO - 🔥 Elite Vulnerability Engine initialized
2025-10-02 14:05:51,479 - AEGIS-X.EliteVulnerabilityEngine - INFO - 🎯 Loaded 154 elite payloads
2025-10-02 14:05:51,479 - AEGIS-X.EliteVulnerabilityEngine - INFO - 🔍 Configured 16 reconnaissance techniques
2025-10-02 14:05:51,490 - __main__ - INFO - 💉 Injected 100,055 ultimate payloads into vulnerability engine
2025-10-02 14:05:51,492 - AEGIS-X.EliteVerificationEngine - INFO - 🔥 Elite Verification Engine initialized
2025-10-02 14:05:51,492 - AEGIS-X.EliteVerificationEngine - INFO - 🔍 Configured 6 verification layers
2025-10-02 14:05:51,492 - AEGIS-X.EliteVerificationEngine - INFO - 🎯 Loaded 10 vulnerability-specific techniques
2025-10-02 14:05:51,492 - __main__ - INFO - ⚡ All engines initialized successfully
2025-10-02 14:05:51,492 - core.stealth_evasion_engine - INFO - 🥷 Stealth profile set to: ghost
2025-10-02 14:05:51,492 - __main__ - INFO - 📡 PHASE 1: THREAT INTELLIGENCE UPDATE
2025-10-02 14:05:51,492 - core.threat_intelligence_engine - INFO - 📡 Updating threat intelligence from external sources...
2025-10-02 14:05:51,492 - core.threat_intelligence_engine - INFO - 📊 Updating CVE intelligence...
2025-10-02 14:05:51,493 - core.threat_intelligence_engine - INFO - 💥 Updating exploit intelligence...
2025-10-02 14:05:51,493 - core.threat_intelligence_engine - INFO - 💥 Retrieved 5 recent exploits
2025-10-02 14:05:51,493 - core.threat_intelligence_engine - INFO - 🔥 High priority exploits: 3
2025-10-02 14:05:51,493 - core.threat_intelligence_engine - INFO - 📋 Updating security advisories...
2025-10-02 14:05:51,493 - core.threat_intelligence_engine - INFO - 📋 Retrieved 3 security advisories
2025-10-02 14:05:51,493 - core.threat_intelligence_engine - INFO - 🎯 Updating technology-specific threats...
2025-10-02 14:05:51,493 - core.threat_intelligence_engine - INFO - 🎯 Updated threats for 8 technologies
2025-10-02 14:05:51,621 - core.threat_intelligence_engine - INFO - 📊 Retrieved 0 recent CVEs
2025-10-02 14:05:51,622 - core.threat_intelligence_engine - INFO - 📡 Threat intelligence updated: 4 sources
2025-10-02 14:05:51,622 - core.threat_intelligence_engine - INFO - 🆕 New CVEs: 0, New Exploits: 5
2025-10-02 14:05:51,622 - core.threat_intelligence_engine - INFO - 🔥 High priority threats: 5
2025-10-02 14:05:51,622 - __main__ - INFO - 🧠 PHASE 2: SMART TARGET ANALYSIS & INTELLIGENCE GATHERING
2025-10-02 14:05:51,622 - __main__ - INFO - 🧠 Performing smart target analysis...
2025-10-02 14:05:51,778 - __main__ - INFO - 🎯 Target analysis complete - Priority Score: 100
2025-10-02 14:05:51,778 - __main__ - INFO - 🔍 Technologies detected: 
2025-10-02 14:05:51,778 - __main__ - INFO - 🛡️ WAF detected: None
2025-10-02 14:05:51,778 - core.threat_intelligence_engine - INFO - 🎯 Generating target-specific threat intelligence...
2025-10-02 14:05:51,778 - core.threat_intelligence_engine - INFO - 🎯 Target risk score: 85/100
2025-10-02 14:05:51,778 - core.threat_intelligence_engine - INFO - 🔥 Priority vectors identified: 3
2025-10-02 14:05:51,778 - __main__ - INFO - 🔍 Threat intelligence integrated - Risk Score: 85/100
2025-10-02 14:05:51,778 - __main__ - INFO - 🎯 Priority attack vectors: 3
2025-10-02 14:05:51,778 - __main__ - INFO - 🔗 PHASE 3: VULNERABILITY CHAIN PLANNING
2025-10-02 14:05:51,778 - __main__ - INFO - 🔗 Building vulnerability chains...
2025-10-02 14:05:51,778 - __main__ - INFO - 🔗 Built 4 vulnerability chains
2025-10-02 14:05:51,779 - __main__ - INFO - 🤖 PHASE 4: AI AGENT TRAINING & RECONNAISSANCE
2025-10-02 14:05:51,779 - __main__ - INFO - 🤖 AI Agent provided 5 methodology recommendations
2025-10-02 14:05:51,779 - core.ai_agent_trainer - INFO - 🎯 Starting agent training with scenario: Banking Application Penetration Test
2025-10-02 14:05:51,783 - __main__ - INFO - 🎯 AI Training completed: 100.0% success rate
2025-10-02 14:05:51,783 - __main__ - INFO - ⚡ PHASE 5: SMART VULNERABILITY CHAIN EXECUTION
2025-10-02 14:05:51,783 - __main__ - INFO - 🔗 Executing smart vulnerability chains...
2025-10-02 14:05:51,784 - __main__ - INFO - 🔗 Starting chain: Authentication Bypass Chain (Priority: 95)
2025-10-02 14:05:51,784 - __main__ - INFO - 🔗 Executing chain: Authentication Bypass Chain
2025-10-02 14:05:51,784 - core.stealth_evasion_engine - INFO - 🥷 Stealth profile set to: ninja
2025-10-02 14:05:51,784 - __main__ - INFO - 🔗 Executing step 1/3: auth_bypass
2025-10-02 14:05:51,784 - __main__ - INFO - 🧠 Smart prioritization for auth_bypass...
2025-10-02 14:05:51,784 - core.threat_intelligence_engine - INFO - 🧠 Getting payload intelligence for auth_bypass...
2025-10-02 14:05:51,784 - core.threat_intelligence_engine - INFO - 🧠 Payload intelligence generated for auth_bypass
2025-10-02 14:05:51,784 - core.threat_intelligence_engine - INFO - 📈 Priority boost: +5 points
2025-10-02 14:05:51,784 - __main__ - INFO - 🧠 Applying threat intelligence boost: +5 points
2025-10-02 14:05:51,784 - __main__ - INFO - 🎯 Prioritized 0 payloads for auth_bypass
2025-10-02 14:05:51,784 - __main__ - WARNING - ⚠️ No payloads available for step: auth_bypass
2025-10-02 14:05:51,784 - __main__ - INFO - 🔗 Executing step 2/3: privilege_escalation
2025-10-02 14:05:51,784 - __main__ - INFO - 🧠 Smart prioritization for privilege_escalation...
2025-10-02 14:05:51,784 - core.threat_intelligence_engine - INFO - 🧠 Getting payload intelligence for privilege_escalation...
2025-10-02 14:05:51,784 - core.threat_intelligence_engine - INFO - 🧠 Payload intelligence generated for privilege_escalation
2025-10-02 14:05:51,784 - core.threat_intelligence_engine - INFO - 📈 Priority boost: +5 points
2025-10-02 14:05:51,784 - __main__ - INFO - 🧠 Applying threat intelligence boost: +5 points
2025-10-02 14:05:51,784 - __main__ - INFO - 🎯 Prioritized 0 payloads for privilege_escalation
2025-10-02 14:05:51,784 - __main__ - WARNING - ⚠️ No payloads available for step: privilege_escalation
2025-10-02 14:05:51,784 - __main__ - INFO - 🔗 Executing step 3/3: data_extraction
2025-10-02 14:05:51,784 - __main__ - INFO - 🧠 Smart prioritization for data_extraction...
2025-10-02 14:05:51,784 - core.threat_intelligence_engine - INFO - 🧠 Getting payload intelligence for data_extraction...
2025-10-02 14:05:51,784 - core.threat_intelligence_engine - INFO - 🧠 Payload intelligence generated for data_extraction
2025-10-02 14:05:51,784 - core.threat_intelligence_engine - INFO - 📈 Priority boost: +5 points
2025-10-02 14:05:51,784 - __main__ - INFO - 🧠 Applying threat intelligence boost: +5 points
2025-10-02 14:05:51,784 - __main__ - INFO - 🎯 Prioritized 0 payloads for data_extraction
2025-10-02 14:05:51,784 - __main__ - WARNING - ⚠️ No payloads available for step: data_extraction
2025-10-02 14:05:51,785 - __main__ - WARNING - ⚠️ Chain 'Authentication Bypass Chain' partially successful
2025-10-02 14:05:51,785 - __main__ - INFO - 🔗 Chain 'Authentication Bypass Chain' completed: 0 vulnerabilities found
2025-10-02 14:05:51,785 - __main__ - INFO - 🔗 Starting chain: XSS to Account Takeover Chain (Priority: 90)
2025-10-02 14:05:51,785 - __main__ - INFO - 🔗 Executing chain: XSS to Account Takeover Chain
2025-10-02 14:05:51,785 - core.stealth_evasion_engine - INFO - 🥷 Stealth profile set to: phantom
2025-10-02 14:05:51,785 - __main__ - INFO - 🔗 Executing step 1/3: xss_discovery
2025-10-02 14:05:51,785 - __main__ - INFO - 🧠 Smart prioritization for xss_discovery...
2025-10-02 14:05:51,785 - core.threat_intelligence_engine - INFO - 🧠 Getting payload intelligence for xss_discovery...
2025-10-02 14:05:51,785 - core.threat_intelligence_engine - INFO - 🧠 Payload intelligence generated for xss_discovery
2025-10-02 14:05:51,785 - core.threat_intelligence_engine - INFO - 📈 Priority boost: +5 points
2025-10-02 14:05:51,785 - __main__ - INFO - 🧠 Applying threat intelligence boost: +5 points
2025-10-02 14:05:51,785 - __main__ - INFO - 🎯 Prioritized 0 payloads for xss_discovery
2025-10-02 14:05:51,785 - __main__ - WARNING - ⚠️ No payloads available for step: xss_discovery
2025-10-02 14:05:51,785 - __main__ - INFO - 🔗 Executing step 2/3: session_hijacking
2025-10-02 14:05:51,785 - __main__ - INFO - 🧠 Smart prioritization for session_hijacking...
2025-10-02 14:05:51,785 - core.threat_intelligence_engine - INFO - 🧠 Getting payload intelligence for session_hijacking...
2025-10-02 14:05:51,785 - core.threat_intelligence_engine - INFO - 🧠 Payload intelligence generated for session_hijacking
2025-10-02 14:05:51,785 - core.threat_intelligence_engine - INFO - 📈 Priority boost: +5 points
2025-10-02 14:05:51,785 - __main__ - INFO - 🧠 Applying threat intelligence boost: +5 points
2025-10-02 14:05:51,785 - __main__ - INFO - 🎯 Prioritized 0 payloads for session_hijacking
2025-10-02 14:05:51,785 - __main__ - WARNING - ⚠️ No payloads available for step: session_hijacking
2025-10-02 14:05:51,785 - __main__ - INFO - 🔗 Executing step 3/3: account_takeover
2025-10-02 14:05:51,785 - __main__ - INFO - 🧠 Smart prioritization for account_takeover...
2025-10-02 14:05:51,785 - core.threat_intelligence_engine - INFO - 🧠 Getting payload intelligence for account_takeover...
2025-10-02 14:05:51,785 - core.threat_intelligence_engine - INFO - 🧠 Payload intelligence generated for account_takeover
2025-10-02 14:05:51,785 - core.threat_intelligence_engine - INFO - 📈 Priority boost: +5 points
2025-10-02 14:05:51,785 - __main__ - INFO - 🧠 Applying threat intelligence boost: +5 points
2025-10-02 14:05:51,785 - __main__ - INFO - 🎯 Prioritized 0 payloads for account_takeover
2025-10-02 14:05:51,785 - __main__ - WARNING - ⚠️ No payloads available for step: account_takeover
2025-10-02 14:05:51,786 - __main__ - WARNING - ⚠️ Chain 'XSS to Account Takeover Chain' partially successful
2025-10-02 14:05:51,786 - __main__ - INFO - 🔗 Chain 'XSS to Account Takeover Chain' completed: 0 vulnerabilities found
2025-10-02 14:05:51,786 - __main__ - INFO - 🔗 Starting chain: Information Disclosure Chain (Priority: 85)
2025-10-02 14:05:51,786 - __main__ - INFO - 🔗 Executing chain: Information Disclosure Chain
2025-10-02 14:05:51,786 - core.stealth_evasion_engine - INFO - 🥷 Stealth profile set to: ninja
2025-10-02 14:05:51,786 - __main__ - INFO - 🔗 Executing step 1/3: info_disclosure
2025-10-02 14:05:51,786 - __main__ - INFO - 🧠 Smart prioritization for info_disclosure...
2025-10-02 14:05:51,786 - core.threat_intelligence_engine - INFO - 🧠 Getting payload intelligence for info_disclosure...
2025-10-02 14:05:51,786 - core.threat_intelligence_engine - INFO - 🧠 Payload intelligence generated for info_disclosure
2025-10-02 14:05:51,786 - core.threat_intelligence_engine - INFO - 📈 Priority boost: +5 points
2025-10-02 14:05:51,786 - __main__ - INFO - 🧠 Applying threat intelligence boost: +5 points
2025-10-02 14:05:51,786 - __main__ - INFO - 🎯 Prioritized 0 payloads for info_disclosure
2025-10-02 14:05:51,786 - __main__ - WARNING - ⚠️ No payloads available for step: info_disclosure
2025-10-02 14:05:51,786 - __main__ - INFO - 🔗 Executing step 2/3: credential_harvest
2025-10-02 14:05:51,786 - __main__ - INFO - 🧠 Smart prioritization for credential_harvest...
2025-10-02 14:05:51,786 - core.threat_intelligence_engine - INFO - 🧠 Getting payload intelligence for credential_harvest...
2025-10-02 14:05:51,786 - core.threat_intelligence_engine - INFO - 🧠 Payload intelligence generated for credential_harvest
2025-10-02 14:05:51,786 - core.threat_intelligence_engine - INFO - 📈 Priority boost: +5 points
2025-10-02 14:05:51,786 - __main__ - INFO - 🧠 Applying threat intelligence boost: +5 points
2025-10-02 14:05:51,786 - __main__ - INFO - 🎯 Prioritized 0 payloads for credential_harvest
2025-10-02 14:05:51,786 - __main__ - WARNING - ⚠️ No payloads available for step: credential_harvest
2025-10-02 14:05:51,786 - __main__ - INFO - 🔗 Executing step 3/3: lateral_movement
2025-10-02 14:05:51,786 - __main__ - INFO - 🧠 Smart prioritization for lateral_movement...
2025-10-02 14:05:51,786 - core.threat_intelligence_engine - INFO - 🧠 Getting payload intelligence for lateral_movement...
2025-10-02 14:05:51,786 - core.threat_intelligence_engine - INFO - 🧠 Payload intelligence generated for lateral_movement
2025-10-02 14:05:51,786 - core.threat_intelligence_engine - INFO - 📈 Priority boost: +5 points
2025-10-02 14:05:51,786 - __main__ - INFO - 🧠 Applying threat intelligence boost: +5 points
2025-10-02 14:05:51,786 - __main__ - INFO - 🎯 Prioritized 0 payloads for lateral_movement
2025-10-02 14:05:51,786 - __main__ - WARNING - ⚠️ No payloads available for step: lateral_movement
2025-10-02 14:05:51,786 - __main__ - WARNING - ⚠️ Chain 'Information Disclosure Chain' partially successful
2025-10-02 14:05:51,786 - __main__ - INFO - 🔗 Chain 'Information Disclosure Chain' completed: 0 vulnerabilities found
2025-10-02 14:05:51,786 - __main__ - INFO - 🔗 Starting chain: API Security Chain (Priority: 80)
2025-10-02 14:05:51,786 - __main__ - INFO - 🔗 Executing chain: API Security Chain
2025-10-02 14:05:51,787 - core.stealth_evasion_engine - INFO - 🥷 Stealth profile set to: phantom
2025-10-02 14:05:51,787 - __main__ - INFO - 🔗 Executing step 1/3: api_discovery
2025-10-02 14:05:51,787 - __main__ - INFO - 🧠 Smart prioritization for api_discovery...
2025-10-02 14:05:51,787 - core.threat_intelligence_engine - INFO - 🧠 Getting payload intelligence for api_discovery...
2025-10-02 14:05:51,787 - core.threat_intelligence_engine - INFO - 🧠 Payload intelligence generated for api_discovery
2025-10-02 14:05:51,787 - core.threat_intelligence_engine - INFO - 📈 Priority boost: +5 points
2025-10-02 14:05:51,787 - __main__ - INFO - 🧠 Applying threat intelligence boost: +5 points
2025-10-02 14:05:51,787 - __main__ - INFO - 🎯 Prioritized 0 payloads for api_discovery
2025-10-02 14:05:51,787 - __main__ - WARNING - ⚠️ No payloads available for step: api_discovery
2025-10-02 14:05:51,787 - __main__ - INFO - 🔗 Executing step 2/3: business_logic
2025-10-02 14:05:51,787 - __main__ - INFO - 🧠 Smart prioritization for business_logic...
2025-10-02 14:05:51,787 - core.threat_intelligence_engine - INFO - 🧠 Getting payload intelligence for business_logic...
2025-10-02 14:05:51,787 - core.threat_intelligence_engine - INFO - 🧠 Payload intelligence generated for business_logic
2025-10-02 14:05:51,787 - core.threat_intelligence_engine - INFO - 📈 Priority boost: +5 points
2025-10-02 14:05:51,787 - __main__ - INFO - 🧠 Applying threat intelligence boost: +5 points
2025-10-02 14:05:51,787 - __main__ - INFO - 🎯 Prioritized 0 payloads for business_logic
2025-10-02 14:05:51,787 - __main__ - WARNING - ⚠️ No payloads available for step: business_logic
2025-10-02 14:05:51,787 - __main__ - INFO - 🔗 Executing step 3/3: data_manipulation
2025-10-02 14:05:51,787 - __main__ - INFO - 🧠 Smart prioritization for data_manipulation...
2025-10-02 14:05:51,787 - core.threat_intelligence_engine - INFO - 🧠 Getting payload intelligence for data_manipulation...
2025-10-02 14:05:51,787 - core.threat_intelligence_engine - INFO - 🧠 Payload intelligence generated for data_manipulation
2025-10-02 14:05:51,787 - core.threat_intelligence_engine - INFO - 📈 Priority boost: +5 points
2025-10-02 14:05:51,787 - __main__ - INFO - 🧠 Applying threat intelligence boost: +5 points
2025-10-02 14:05:51,787 - __main__ - INFO - 🎯 Prioritized 0 payloads for data_manipulation
2025-10-02 14:05:51,787 - __main__ - WARNING - ⚠️ No payloads available for step: data_manipulation
2025-10-02 14:05:51,787 - __main__ - WARNING - ⚠️ Chain 'API Security Chain' partially successful
2025-10-02 14:05:51,787 - __main__ - INFO - 🔗 Chain 'API Security Chain' completed: 0 vulnerabilities found
2025-10-02 14:05:51,787 - __main__ - INFO - 🔗 Smart vulnerability chains completed: 0 vulnerabilities discovered
2025-10-02 14:05:51,787 - __main__ - INFO - 📊 Chain success rate: 0.0%
2025-10-02 14:05:51,787 - __main__ - INFO - 💀 PHASE 6: ULTIMATE VULNERABILITY DISCOVERY (FALLBACK)
2025-10-02 14:05:51,787 - AEGIS-X.EliteVulnerabilityEngine - INFO - 🔍 Starting elite reconnaissance for example.com
2025-10-02 14:05:51,791 - AEGIS-X.EliteVulnerabilityEngine - INFO - 🌐 Found subdomain: www.example.com
2025-10-02 14:05:54,221 - AEGIS-X.EliteVulnerabilityEngine - INFO - 🔗 Found endpoint: https://example.com/ (200)
2025-10-02 14:06:28,199 - asyncio - ERROR - Unclosed client session
client_session: <aiohttp.client.ClientSession object at 0x762136b59a60>
2025-10-02 14:06:28,200 - asyncio - ERROR - Unclosed connector
connections: ['deque([(<aiohttp.client_proto.ResponseHandler object at 0x762136b6b650>, 71224.788730946), (<aiohttp.client_proto.ResponseHandler object at 0x762136b6b290>, 71225.051832043), (<aiohttp.client_proto.ResponseHandler object at 0x762136b6adb0>, 71225.749219472), (<aiohttp.client_proto.ResponseHandler object at 0x762136b6b470>, 71226.048297628), (<aiohttp.client_proto.ResponseHandler object at 0x762136b6b170>, 71226.338270513)])']
connector: <aiohttp.connector.TCPConnector object at 0x762138f4b200>
2025-10-02 16:55:51,008 - __main__ - INFO - 🔥 Initializing AEGIS-X Ultimate Master System...
2025-10-02 16:55:51,576 - core.professional_vulnerability_arsenal - INFO - 🔥 Professional Vulnerability Arsenal v4.0 initialized
2025-10-02 16:55:51,576 - core.professional_vulnerability_arsenal - INFO - 📊 Categories: 29
2025-10-02 16:55:51,576 - core.professional_vulnerability_arsenal - INFO - 💀 Total patterns: 294
2025-10-02 16:55:51,576 - core.professional_vulnerability_arsenal - INFO - 🎯 Coverage: OWASP Top 10, SANS Top 25, CWE, Zero-Days
2025-10-02 16:55:51,577 - core.zero_day_discovery_engine - INFO - 🔬 Zero-Day Discovery Engine v3.0 initialized
2025-10-02 16:55:51,577 - core.zero_day_discovery_engine - INFO - 🧬 Loaded 10 fuzzing categories
2025-10-02 16:55:51,577 - core.zero_day_discovery_engine - INFO - 🎯 Novel attack vectors: 4
2025-10-02 16:55:51,578 - core.threat_intelligence_engine - INFO - 🔍 Threat Intelligence Engine v2.0 initialized
2025-10-02 16:55:51,578 - core.threat_intelligence_engine - INFO - 📡 Monitoring 5 threat intelligence feeds
2025-10-02 16:55:51,578 - core.threat_intelligence_engine - INFO - 🎯 Tracking 20 vulnerability categories
2025-10-02 16:55:51,578 - __main__ - INFO - 🚀 AEGIS-X Ultimate Master System v7.0 initialized
2025-10-02 16:55:51,578 - __main__ - INFO - 📊 Payload Arsenal: 100,055 patterns loaded
2025-10-02 16:55:51,578 - __main__ - INFO - 🥷 Stealth Engine: 4 profiles available
2025-10-02 16:55:51,578 - __main__ - INFO - 🤖 AI Trainer: 9 methodologies loaded
2025-10-02 16:55:51,578 - __main__ - INFO - 🔍 Threat Intelligence: 5 feeds monitored
2025-10-02 16:55:51,578 - __main__ - INFO - 🔥🔥🔥🔥🔥🔥🔥🔥🔥🔥🔥🔥🔥🔥🔥🔥🔥🔥🔥🔥🔥🔥🔥🔥🔥🔥🔥🔥🔥🔥🔥🔥🔥🔥🔥🔥🔥🔥🔥🔥🔥🔥🔥🔥🔥🔥🔥🔥🔥🔥🔥🔥🔥🔥🔥🔥🔥🔥🔥🔥
2025-10-02 16:55:51,578 - __main__ - INFO - 🚀 STARTING ULTIMATE AEGIS-X CAMPAIGN v7.0
2025-10-02 16:55:51,578 - __main__ - INFO - 🔥🔥🔥🔥🔥🔥🔥🔥🔥🔥🔥🔥🔥🔥🔥🔥🔥🔥🔥🔥🔥🔥🔥🔥🔥🔥🔥🔥🔥🔥🔥🔥🔥🔥🔥🔥🔥🔥🔥🔥🔥🔥🔥🔥🔥🔥🔥🔥🔥🔥🔥🔥🔥🔥🔥🔥🔥🔥🔥🔥
2025-10-02 16:55:51,578 - __main__ - INFO - 📊 Campaign ID: ultimate_campaign_1759424151
2025-10-02 16:55:51,578 - __main__ - INFO - 🎯 Target: https://httpbin.org
2025-10-02 16:55:51,578 - __main__ - INFO - ⏰ Time Limit: 1 minutes
2025-10-02 16:55:51,578 - __main__ - INFO - 🥷 Stealth Profile: ghost
2025-10-02 16:55:51,578 - __main__ - INFO - 🤖 AI Training: True
2025-10-02 16:55:51,578 - __main__ - INFO - 💀 Payload Arsenal: 100,055 patterns
2025-10-02 16:55:51,578 - __main__ - INFO - 🎯 Success Criteria: {'min_critical_vulns': 5, 'min_high_vulns': 10, 'min_medium_vulns': 25, 'min_total_vulns': 40, 'min_verified_rate': 0.8, 'min_confidence_score': 0.75, 'min_exploitability_score': 0.6, 'min_exceptional_vulns': 1}
2025-10-02 16:55:51,578 - __main__ - INFO - 💀 GUARANTEED TO FIND EXCEPTIONAL VULNERABILITIES
2025-10-02 16:55:51,578 - __main__ - INFO - 🔥🔥🔥🔥🔥🔥🔥🔥🔥🔥🔥🔥🔥🔥🔥🔥🔥🔥🔥🔥🔥🔥🔥🔥🔥🔥🔥🔥🔥🔥🔥🔥🔥🔥🔥🔥🔥🔥🔥🔥🔥🔥🔥🔥🔥🔥🔥🔥🔥🔥🔥🔥🔥🔥🔥🔥🔥🔥🔥🔥
2025-10-02 16:55:51,578 - AEGIS-X.EliteVulnerabilityEngine - INFO - 🔥 Elite Vulnerability Engine initialized
2025-10-02 16:55:51,578 - AEGIS-X.EliteVulnerabilityEngine - INFO - 🎯 Loaded 154 elite payloads
2025-10-02 16:55:51,578 - AEGIS-X.EliteVulnerabilityEngine - INFO - 🔍 Configured 16 reconnaissance techniques
2025-10-02 16:55:51,592 - __main__ - INFO - 💉 Injected 100,055 ultimate payloads into vulnerability engine
2025-10-02 16:55:51,593 - AEGIS-X.EliteVerificationEngine - INFO - 🔥 Elite Verification Engine initialized
2025-10-02 16:55:51,594 - AEGIS-X.EliteVerificationEngine - INFO - 🔍 Configured 6 verification layers
2025-10-02 16:55:51,594 - AEGIS-X.EliteVerificationEngine - INFO - 🎯 Loaded 10 vulnerability-specific techniques
2025-10-02 16:55:51,594 - __main__ - INFO - ⚡ All engines initialized successfully
2025-10-02 16:55:51,594 - core.stealth_evasion_engine - INFO - 🥷 Stealth profile set to: ghost
2025-10-02 16:55:51,594 - __main__ - INFO - 📡 PHASE 1: THREAT INTELLIGENCE UPDATE
2025-10-02 16:55:51,594 - core.threat_intelligence_engine - INFO - 📡 Updating threat intelligence from external sources...
2025-10-02 16:55:51,594 - core.threat_intelligence_engine - INFO - 📊 Updating CVE intelligence...
2025-10-02 16:55:51,595 - core.threat_intelligence_engine - INFO - 💥 Updating exploit intelligence...
2025-10-02 16:55:51,595 - core.threat_intelligence_engine - INFO - 💥 Retrieved 5 recent exploits
2025-10-02 16:55:51,595 - core.threat_intelligence_engine - INFO - 🔥 High priority exploits: 3
2025-10-02 16:55:51,595 - core.threat_intelligence_engine - INFO - 📋 Updating security advisories...
2025-10-02 16:55:51,595 - core.threat_intelligence_engine - INFO - 📋 Retrieved 3 security advisories
2025-10-02 16:55:51,595 - core.threat_intelligence_engine - INFO - 🎯 Updating technology-specific threats...
2025-10-02 16:55:51,595 - core.threat_intelligence_engine - INFO - 🎯 Updated threats for 8 technologies
2025-10-02 16:55:51,692 - core.threat_intelligence_engine - INFO - 📊 Retrieved 0 recent CVEs
2025-10-02 16:55:51,693 - core.threat_intelligence_engine - INFO - 📡 Threat intelligence updated: 4 sources
2025-10-02 16:55:51,693 - core.threat_intelligence_engine - INFO - 🆕 New CVEs: 0, New Exploits: 5
2025-10-02 16:55:51,693 - core.threat_intelligence_engine - INFO - 🔥 High priority threats: 5
2025-10-02 16:55:51,693 - __main__ - INFO - 🧠 PHASE 2: SMART TARGET ANALYSIS & INTELLIGENCE GATHERING
2025-10-02 16:55:51,693 - __main__ - INFO - 🧠 Performing smart target analysis...
2025-10-02 16:55:51,706 - __main__ - WARNING - ⚠️ Target analysis failed: Cannot connect to host https:80 ssl:default [Name or service not known]
2025-10-02 16:55:51,706 - core.threat_intelligence_engine - INFO - 🎯 Generating target-specific threat intelligence...
2025-10-02 16:55:51,706 - core.threat_intelligence_engine - INFO - 🎯 Target risk score: 50/100
2025-10-02 16:55:51,706 - core.threat_intelligence_engine - INFO - 🔥 Priority vectors identified: 3
2025-10-02 16:55:51,706 - __main__ - INFO - 🔍 Threat intelligence integrated - Risk Score: 50/100
2025-10-02 16:55:51,706 - __main__ - INFO - 🎯 Priority attack vectors: 3
2025-10-02 16:55:51,707 - __main__ - INFO - 🔗 PHASE 3: VULNERABILITY CHAIN PLANNING
2025-10-02 16:55:51,707 - __main__ - INFO - 🔗 Building vulnerability chains...
2025-10-02 16:55:51,707 - __main__ - INFO - 🔗 Built 4 vulnerability chains
2025-10-02 16:55:51,707 - __main__ - INFO - 🤖 PHASE 4: AI AGENT TRAINING & RECONNAISSANCE
2025-10-02 16:55:51,707 - __main__ - INFO - 🤖 AI Agent provided 5 methodology recommendations
2025-10-02 16:55:51,707 - core.ai_agent_trainer - INFO - 🎯 Starting agent training with scenario: E-commerce Platform Assessment
2025-10-02 16:55:51,707 - __main__ - ERROR - ❌ AI-powered reconnaissance failed: cannot access local variable 'vuln' where it is not associated with a value
2025-10-02 16:55:51,707 - __main__ - INFO - ⚡ PHASE 5: SMART VULNERABILITY CHAIN EXECUTION
2025-10-02 16:55:51,707 - __main__ - INFO - 🔗 Executing smart vulnerability chains...
2025-10-02 16:55:51,707 - __main__ - INFO - 🔗 Starting chain: Authentication Bypass Chain (Priority: 95)
2025-10-02 16:55:51,707 - __main__ - INFO - 🔗 Executing chain: Authentication Bypass Chain
2025-10-02 16:55:51,707 - core.stealth_evasion_engine - INFO - 🥷 Stealth profile set to: ninja
2025-10-02 16:55:51,707 - __main__ - INFO - 🔗 Executing step 1/3: auth_bypass
2025-10-02 16:55:51,707 - __main__ - INFO - 🧠 Smart prioritization for auth_bypass...
2025-10-02 16:55:51,707 - core.threat_intelligence_engine - INFO - 🧠 Getting payload intelligence for auth_bypass...
2025-10-02 16:55:51,707 - core.threat_intelligence_engine - INFO - 🧠 Payload intelligence generated for auth_bypass
2025-10-02 16:55:51,707 - core.threat_intelligence_engine - INFO - 📈 Priority boost: +5 points
2025-10-02 16:55:51,707 - __main__ - INFO - 🧠 Applying threat intelligence boost: +5 points
2025-10-02 16:55:51,707 - __main__ - INFO - 🎯 Prioritized 0 payloads for auth_bypass
2025-10-02 16:55:51,707 - __main__ - WARNING - ⚠️ No payloads available for step: auth_bypass
2025-10-02 16:55:51,707 - __main__ - INFO - 🔗 Executing step 2/3: privilege_escalation
2025-10-02 16:55:51,707 - __main__ - INFO - 🧠 Smart prioritization for privilege_escalation...
2025-10-02 16:55:51,707 - core.threat_intelligence_engine - INFO - 🧠 Getting payload intelligence for privilege_escalation...
2025-10-02 16:55:51,707 - core.threat_intelligence_engine - INFO - 🧠 Payload intelligence generated for privilege_escalation
2025-10-02 16:55:51,708 - core.threat_intelligence_engine - INFO - 📈 Priority boost: +5 points
2025-10-02 16:55:51,708 - __main__ - INFO - 🧠 Applying threat intelligence boost: +5 points
2025-10-02 16:55:51,708 - __main__ - INFO - 🎯 Prioritized 0 payloads for privilege_escalation
2025-10-02 16:55:51,708 - __main__ - WARNING - ⚠️ No payloads available for step: privilege_escalation
2025-10-02 16:55:51,708 - __main__ - INFO - 🔗 Executing step 3/3: data_extraction
2025-10-02 16:55:51,708 - __main__ - INFO - 🧠 Smart prioritization for data_extraction...
2025-10-02 16:55:51,708 - core.threat_intelligence_engine - INFO - 🧠 Getting payload intelligence for data_extraction...
2025-10-02 16:55:51,708 - core.threat_intelligence_engine - INFO - 🧠 Payload intelligence generated for data_extraction
2025-10-02 16:55:51,708 - core.threat_intelligence_engine - INFO - 📈 Priority boost: +5 points
2025-10-02 16:55:51,708 - __main__ - INFO - 🧠 Applying threat intelligence boost: +5 points
2025-10-02 16:55:51,708 - __main__ - INFO - 🎯 Prioritized 0 payloads for data_extraction
2025-10-02 16:55:51,708 - __main__ - WARNING - ⚠️ No payloads available for step: data_extraction
2025-10-02 16:55:51,708 - __main__ - WARNING - ⚠️ Chain 'Authentication Bypass Chain' partially successful
2025-10-02 16:55:51,708 - __main__ - INFO - 🔗 Chain 'Authentication Bypass Chain' completed: 0 vulnerabilities found
2025-10-02 16:55:51,708 - __main__ - INFO - 🔗 Starting chain: XSS to Account Takeover Chain (Priority: 90)
2025-10-02 16:55:51,708 - __main__ - INFO - 🔗 Executing chain: XSS to Account Takeover Chain
2025-10-02 16:55:51,708 - core.stealth_evasion_engine - INFO - 🥷 Stealth profile set to: phantom
2025-10-02 16:55:51,708 - __main__ - INFO - 🔗 Executing step 1/3: xss_discovery
2025-10-02 16:55:51,708 - __main__ - INFO - 🧠 Smart prioritization for xss_discovery...
2025-10-02 16:55:51,708 - core.threat_intelligence_engine - INFO - 🧠 Getting payload intelligence for xss_discovery...
2025-10-02 16:55:51,708 - core.threat_intelligence_engine - INFO - 🧠 Payload intelligence generated for xss_discovery
2025-10-02 16:55:51,708 - core.threat_intelligence_engine - INFO - 📈 Priority boost: +5 points
2025-10-02 16:55:51,708 - __main__ - INFO - 🧠 Applying threat intelligence boost: +5 points
2025-10-02 16:55:51,708 - __main__ - INFO - 🎯 Prioritized 0 payloads for xss_discovery
2025-10-02 16:55:51,708 - __main__ - WARNING - ⚠️ No payloads available for step: xss_discovery
2025-10-02 16:55:51,708 - __main__ - INFO - 🔗 Executing step 2/3: session_hijacking
2025-10-02 16:55:51,708 - __main__ - INFO - 🧠 Smart prioritization for session_hijacking...
2025-10-02 16:55:51,708 - core.threat_intelligence_engine - INFO - 🧠 Getting payload intelligence for session_hijacking...
2025-10-02 16:55:51,708 - core.threat_intelligence_engine - INFO - 🧠 Payload intelligence generated for session_hijacking
2025-10-02 16:55:51,708 - core.threat_intelligence_engine - INFO - 📈 Priority boost: +5 points
2025-10-02 16:55:51,708 - __main__ - INFO - 🧠 Applying threat intelligence boost: +5 points
2025-10-02 16:55:51,708 - __main__ - INFO - 🎯 Prioritized 0 payloads for session_hijacking
2025-10-02 16:55:51,709 - __main__ - WARNING - ⚠️ No payloads available for step: session_hijacking
2025-10-02 16:55:51,709 - __main__ - INFO - 🔗 Executing step 3/3: account_takeover
2025-10-02 16:55:51,709 - __main__ - INFO - 🧠 Smart prioritization for account_takeover...
2025-10-02 16:55:51,709 - core.threat_intelligence_engine - INFO - 🧠 Getting payload intelligence for account_takeover...
2025-10-02 16:55:51,709 - core.threat_intelligence_engine - INFO - 🧠 Payload intelligence generated for account_takeover
2025-10-02 16:55:51,709 - core.threat_intelligence_engine - INFO - 📈 Priority boost: +5 points
2025-10-02 16:55:51,709 - __main__ - INFO - 🧠 Applying threat intelligence boost: +5 points
2025-10-02 16:55:51,709 - __main__ - INFO - 🎯 Prioritized 0 payloads for account_takeover
2025-10-02 16:55:51,709 - __main__ - WARNING - ⚠️ No payloads available for step: account_takeover
2025-10-02 16:55:51,709 - __main__ - WARNING - ⚠️ Chain 'XSS to Account Takeover Chain' partially successful
2025-10-02 16:55:51,709 - __main__ - INFO - 🔗 Chain 'XSS to Account Takeover Chain' completed: 0 vulnerabilities found
2025-10-02 16:55:51,709 - __main__ - INFO - 🔗 Starting chain: Information Disclosure Chain (Priority: 85)
2025-10-02 16:55:51,709 - __main__ - INFO - 🔗 Executing chain: Information Disclosure Chain
2025-10-02 16:55:51,709 - core.stealth_evasion_engine - INFO - 🥷 Stealth profile set to: ninja
2025-10-02 16:55:51,709 - __main__ - INFO - 🔗 Executing step 1/3: info_disclosure
2025-10-02 16:55:51,709 - __main__ - INFO - 🧠 Smart prioritization for info_disclosure...
2025-10-02 16:55:51,709 - core.threat_intelligence_engine - INFO - 🧠 Getting payload intelligence for info_disclosure...
2025-10-02 16:55:51,709 - core.threat_intelligence_engine - INFO - 🧠 Payload intelligence generated for info_disclosure
2025-10-02 16:55:51,709 - core.threat_intelligence_engine - INFO - 📈 Priority boost: +5 points
2025-10-02 16:55:51,709 - __main__ - INFO - 🧠 Applying threat intelligence boost: +5 points
2025-10-02 16:55:51,709 - __main__ - INFO - 🎯 Prioritized 0 payloads for info_disclosure
2025-10-02 16:55:51,709 - __main__ - WARNING - ⚠️ No payloads available for step: info_disclosure
2025-10-02 16:55:51,709 - __main__ - INFO - 🔗 Executing step 2/3: credential_harvest
2025-10-02 16:55:51,709 - __main__ - INFO - 🧠 Smart prioritization for credential_harvest...
2025-10-02 16:55:51,709 - core.threat_intelligence_engine - INFO - 🧠 Getting payload intelligence for credential_harvest...
2025-10-02 16:55:51,709 - core.threat_intelligence_engine - INFO - 🧠 Payload intelligence generated for credential_harvest
2025-10-02 16:55:51,709 - core.threat_intelligence_engine - INFO - 📈 Priority boost: +5 points
2025-10-02 16:55:51,709 - __main__ - INFO - 🧠 Applying threat intelligence boost: +5 points
2025-10-02 16:55:51,709 - __main__ - INFO - 🎯 Prioritized 0 payloads for credential_harvest
2025-10-02 16:55:51,709 - __main__ - WARNING - ⚠️ No payloads available for step: credential_harvest
2025-10-02 16:55:51,709 - __main__ - INFO - 🔗 Executing step 3/3: lateral_movement
2025-10-02 16:55:51,709 - __main__ - INFO - 🧠 Smart prioritization for lateral_movement...
2025-10-02 16:55:51,709 - core.threat_intelligence_engine - INFO - 🧠 Getting payload intelligence for lateral_movement...
2025-10-02 16:55:51,709 - core.threat_intelligence_engine - INFO - 🧠 Payload intelligence generated for lateral_movement
2025-10-02 16:55:51,710 - core.threat_intelligence_engine - INFO - 📈 Priority boost: +5 points
2025-10-02 16:55:51,710 - __main__ - INFO - 🧠 Applying threat intelligence boost: +5 points
2025-10-02 16:55:51,710 - __main__ - INFO - 🎯 Prioritized 0 payloads for lateral_movement
2025-10-02 16:55:51,710 - __main__ - WARNING - ⚠️ No payloads available for step: lateral_movement
2025-10-02 16:55:51,710 - __main__ - WARNING - ⚠️ Chain 'Information Disclosure Chain' partially successful
2025-10-02 16:55:51,710 - __main__ - INFO - 🔗 Chain 'Information Disclosure Chain' completed: 0 vulnerabilities found
2025-10-02 16:55:51,710 - __main__ - INFO - 🔗 Starting chain: API Security Chain (Priority: 80)
2025-10-02 16:55:51,710 - __main__ - INFO - 🔗 Executing chain: API Security Chain
2025-10-02 16:55:51,710 - core.stealth_evasion_engine - INFO - 🥷 Stealth profile set to: phantom
2025-10-02 16:55:51,710 - __main__ - INFO - 🔗 Executing step 1/3: api_discovery
2025-10-02 16:55:51,710 - __main__ - INFO - 🧠 Smart prioritization for api_discovery...
2025-10-02 16:55:51,710 - core.threat_intelligence_engine - INFO - 🧠 Getting payload intelligence for api_discovery...
2025-10-02 16:55:51,710 - core.threat_intelligence_engine - INFO - 🧠 Payload intelligence generated for api_discovery
2025-10-02 16:55:51,710 - core.threat_intelligence_engine - INFO - 📈 Priority boost: +5 points
2025-10-02 16:55:51,710 - __main__ - INFO - 🧠 Applying threat intelligence boost: +5 points
2025-10-02 16:55:51,710 - __main__ - INFO - 🎯 Prioritized 0 payloads for api_discovery
2025-10-02 16:55:51,710 - __main__ - WARNING - ⚠️ No payloads available for step: api_discovery
2025-10-02 16:55:51,710 - __main__ - INFO - 🔗 Executing step 2/3: business_logic
2025-10-02 16:55:51,710 - __main__ - INFO - 🧠 Smart prioritization for business_logic...
2025-10-02 16:55:51,710 - core.threat_intelligence_engine - INFO - 🧠 Getting payload intelligence for business_logic...
2025-10-02 16:55:51,710 - core.threat_intelligence_engine - INFO - 🧠 Payload intelligence generated for business_logic
2025-10-02 16:55:51,710 - core.threat_intelligence_engine - INFO - 📈 Priority boost: +5 points
2025-10-02 16:55:51,710 - __main__ - INFO - 🧠 Applying threat intelligence boost: +5 points
2025-10-02 16:55:51,710 - __main__ - INFO - 🎯 Prioritized 0 payloads for business_logic
2025-10-02 16:55:51,710 - __main__ - WARNING - ⚠️ No payloads available for step: business_logic
2025-10-02 16:55:51,710 - __main__ - INFO - 🔗 Executing step 3/3: data_manipulation
2025-10-02 16:55:51,710 - __main__ - INFO - 🧠 Smart prioritization for data_manipulation...
2025-10-02 16:55:51,710 - core.threat_intelligence_engine - INFO - 🧠 Getting payload intelligence for data_manipulation...
2025-10-02 16:55:51,710 - core.threat_intelligence_engine - INFO - 🧠 Payload intelligence generated for data_manipulation
2025-10-02 16:55:51,710 - core.threat_intelligence_engine - INFO - 📈 Priority boost: +5 points
2025-10-02 16:55:51,710 - __main__ - INFO - 🧠 Applying threat intelligence boost: +5 points
2025-10-02 16:55:51,710 - __main__ - INFO - 🎯 Prioritized 0 payloads for data_manipulation
2025-10-02 16:55:51,710 - __main__ - WARNING - ⚠️ No payloads available for step: data_manipulation
2025-10-02 16:55:51,710 - __main__ - WARNING - ⚠️ Chain 'API Security Chain' partially successful
2025-10-02 16:55:51,711 - __main__ - INFO - 🔗 Chain 'API Security Chain' completed: 0 vulnerabilities found
2025-10-02 16:55:51,711 - __main__ - INFO - 🔗 Smart vulnerability chains completed: 0 vulnerabilities discovered
2025-10-02 16:55:51,711 - __main__ - INFO - 📊 Chain success rate: 0.0%
2025-10-02 16:55:51,711 - __main__ - INFO - 🔬 PHASE 6: ZERO-DAY DISCOVERY
2025-10-02 16:55:51,711 - __main__ - INFO - 🔬 Starting zero-day discovery...
2025-10-02 16:55:51,711 - core.zero_day_discovery_engine - INFO - 🔬 Starting zero-day discovery for https://httpbin.org
2025-10-02 16:55:51,711 - core.zero_day_discovery_engine - INFO - 🧬 Phase 1: Advanced Fuzzing
2025-10-02 16:56:04,139 - core.zero_day_discovery_engine - INFO - 🔬 Potential zero-day found: buffer_overflow in https://httpbin.org
2025-10-02 16:57:01,323 - core.zero_day_discovery_engine - INFO - 🔬 Potential zero-day found: buffer_overflow in https://httpbin.org
2025-10-02 16:57:04,688 - core.zero_day_discovery_engine - INFO - 🔬 Potential zero-day found: buffer_overflow in https://httpbin.org
2025-10-02 16:57:06,190 - core.zero_day_discovery_engine - INFO - 🔬 Potential zero-day found: buffer_overflow in https://httpbin.org
2025-10-02 16:57:18,407 - core.zero_day_discovery_engine - INFO - 🔬 Potential zero-day found: buffer_overflow in https://httpbin.org
2025-10-02 16:57:41,967 - core.zero_day_discovery_engine - INFO - 🔬 Potential zero-day found: buffer_overflow in https://httpbin.org
2025-10-02 16:57:41,997 - core.zero_day_discovery_engine - INFO - 🔬 Potential zero-day found: buffer_overflow in https://httpbin.org
2025-10-02 16:57:42,028 - core.zero_day_discovery_engine - INFO - 🔬 Potential zero-day found: buffer_overflow in https://httpbin.org
2025-10-02 16:57:42,159 - core.zero_day_discovery_engine - INFO - 🔬 Potential zero-day found: buffer_overflow in https://httpbin.org
2025-10-02 16:57:42,189 - core.zero_day_discovery_engine - INFO - 🔬 Potential zero-day found: buffer_overflow in https://httpbin.org
2025-10-02 16:57:42,220 - core.zero_day_discovery_engine - INFO - 🔬 Potential zero-day found: buffer_overflow in https://httpbin.org
2025-10-02 16:57:42,251 - core.zero_day_discovery_engine - INFO - 🔬 Potential zero-day found: buffer_overflow in https://httpbin.org
2025-10-02 16:57:42,382 - core.zero_day_discovery_engine - INFO - 🔬 Potential zero-day found: buffer_overflow in https://httpbin.org
2025-10-02 16:57:42,412 - core.zero_day_discovery_engine - INFO - 🔬 Potential zero-day found: buffer_overflow in https://httpbin.org
2025-10-02 16:57:42,443 - core.zero_day_discovery_engine - INFO - 🔬 Potential zero-day found: buffer_overflow in https://httpbin.org
2025-10-02 16:57:42,473 - core.zero_day_discovery_engine - INFO - 🔬 Potential zero-day found: buffer_overflow in https://httpbin.org
2025-10-02 16:57:42,604 - core.zero_day_discovery_engine - INFO - 🔬 Potential zero-day found: buffer_overflow in https://httpbin.org
2025-10-02 16:57:42,635 - core.zero_day_discovery_engine - INFO - 🔬 Potential zero-day found: buffer_overflow in https://httpbin.org
2025-10-02 16:57:42,665 - core.zero_day_discovery_engine - INFO - 🔬 Potential zero-day found: buffer_overflow in https://httpbin.org
2025-10-02 16:57:42,696 - core.zero_day_discovery_engine - INFO - 🔬 Potential zero-day found: buffer_overflow in https://httpbin.org
2025-10-02 16:57:42,827 - core.zero_day_discovery_engine - INFO - 🔬 Potential zero-day found: buffer_overflow in https://httpbin.org
2025-10-02 16:57:42,857 - core.zero_day_discovery_engine - INFO - 🔬 Potential zero-day found: buffer_overflow in https://httpbin.org
2025-10-02 16:57:42,888 - core.zero_day_discovery_engine - INFO - 🔬 Potential zero-day found: buffer_overflow in https://httpbin.org
2025-10-02 16:57:42,919 - core.zero_day_discovery_engine - INFO - 🔬 Potential zero-day found: buffer_overflow in https://httpbin.org
2025-10-02 16:57:43,050 - core.zero_day_discovery_engine - INFO - 🔬 Potential zero-day found: buffer_overflow in https://httpbin.org
2025-10-02 16:57:43,080 - core.zero_day_discovery_engine - INFO - 🔬 Potential zero-day found: buffer_overflow in https://httpbin.org
2025-10-02 16:57:43,111 - core.zero_day_discovery_engine - INFO - 🔬 Potential zero-day found: buffer_overflow in https://httpbin.org
2025-10-02 16:57:43,141 - core.zero_day_discovery_engine - INFO - 🔬 Potential zero-day found: buffer_overflow in https://httpbin.org
2025-10-02 16:57:43,273 - core.zero_day_discovery_engine - INFO - 🔬 Potential zero-day found: format_string in https://httpbin.org
2025-10-02 16:57:43,304 - core.zero_day_discovery_engine - INFO - 🔬 Potential zero-day found: format_string in https://httpbin.org
2025-10-02 16:57:43,335 - core.zero_day_discovery_engine - INFO - 🔬 Potential zero-day found: format_string in https://httpbin.org
2025-10-02 16:57:43,466 - core.zero_day_discovery_engine - INFO - 🔬 Potential zero-day found: format_string in https://httpbin.org
2025-10-02 16:57:43,496 - core.zero_day_discovery_engine - INFO - 🔬 Potential zero-day found: format_string in https://httpbin.org
2025-10-02 16:57:43,527 - core.zero_day_discovery_engine - INFO - 🔬 Potential zero-day found: format_string in https://httpbin.org
2025-10-02 16:57:43,658 - core.zero_day_discovery_engine - INFO - 🔬 Potential zero-day found: format_string in https://httpbin.org
2025-10-02 16:57:43,689 - core.zero_day_discovery_engine - INFO - 🔬 Potential zero-day found: format_string in https://httpbin.org
2025-10-02 16:57:43,720 - core.zero_day_discovery_engine - INFO - 🔬 Potential zero-day found: format_string in https://httpbin.org
2025-10-02 16:57:43,851 - core.zero_day_discovery_engine - INFO - 🔬 Potential zero-day found: format_string in https://httpbin.org
2025-10-02 16:57:43,881 - core.zero_day_discovery_engine - INFO - 🔬 Potential zero-day found: format_string in https://httpbin.org
2025-10-02 16:57:43,912 - core.zero_day_discovery_engine - INFO - 🔬 Potential zero-day found: format_string in https://httpbin.org
2025-10-02 16:57:44,043 - core.zero_day_discovery_engine - INFO - 🔬 Potential zero-day found: format_string in https://httpbin.org
2025-10-02 16:57:44,073 - core.zero_day_discovery_engine - INFO - 🔬 Potential zero-day found: format_string in https://httpbin.org
2025-10-02 16:57:44,104 - core.zero_day_discovery_engine - INFO - 🔬 Potential zero-day found: format_string in https://httpbin.org
2025-10-02 16:57:44,235 - core.zero_day_discovery_engine - INFO - 🔬 Potential zero-day found: format_string in https://httpbin.org
2025-10-02 16:57:44,266 - core.zero_day_discovery_engine - INFO - 🔬 Potential zero-day found: format_string in https://httpbin.org
2025-10-02 16:57:44,296 - core.zero_day_discovery_engine - INFO - 🔬 Potential zero-day found: format_string in https://httpbin.org
2025-10-02 16:57:44,428 - core.zero_day_discovery_engine - INFO - 🔬 Potential zero-day found: format_string in https://httpbin.org
2025-10-02 16:57:44,458 - core.zero_day_discovery_engine - INFO - 🔬 Potential zero-day found: format_string in https://httpbin.org
2025-10-02 16:57:44,489 - core.zero_day_discovery_engine - INFO - 🔬 Potential zero-day found: format_string in https://httpbin.org
2025-10-02 16:57:44,620 - core.zero_day_discovery_engine - INFO - 🔬 Potential zero-day found: format_string in https://httpbin.org
2025-10-02 16:57:44,651 - core.zero_day_discovery_engine - INFO - 🔬 Potential zero-day found: format_string in https://httpbin.org
2025-10-02 16:57:44,681 - core.zero_day_discovery_engine - INFO - 🔬 Potential zero-day found: format_string in https://httpbin.org
2025-10-02 16:57:44,812 - core.zero_day_discovery_engine - INFO - 🔬 Potential zero-day found: format_string in https://httpbin.org
2025-10-02 16:57:44,843 - core.zero_day_discovery_engine - INFO - 🔬 Potential zero-day found: format_string in https://httpbin.org
2025-10-02 16:57:44,873 - core.zero_day_discovery_engine - INFO - 🔬 Potential zero-day found: format_string in https://httpbin.org
2025-10-02 16:57:45,004 - core.zero_day_discovery_engine - INFO - 🔬 Potential zero-day found: format_string in https://httpbin.org
2025-10-02 16:57:45,035 - core.zero_day_discovery_engine - INFO - 🔬 Potential zero-day found: format_string in https://httpbin.org
2025-10-02 16:57:45,065 - core.zero_day_discovery_engine - INFO - 🔬 Potential zero-day found: format_string in https://httpbin.org
2025-10-02 16:57:45,196 - core.zero_day_discovery_engine - INFO - 🔬 Potential zero-day found: integer_overflow in https://httpbin.org
2025-10-02 16:57:45,227 - core.zero_day_discovery_engine - INFO - 🔬 Potential zero-day found: integer_overflow in https://httpbin.org
2025-10-02 16:57:45,358 - core.zero_day_discovery_engine - INFO - 🔬 Potential zero-day found: integer_overflow in https://httpbin.org
2025-10-02 16:57:45,388 - core.zero_day_discovery_engine - INFO - 🔬 Potential zero-day found: integer_overflow in https://httpbin.org
2025-10-02 16:57:45,519 - core.zero_day_discovery_engine - INFO - 🔬 Potential zero-day found: integer_overflow in https://httpbin.org
2025-10-02 16:57:45,550 - core.zero_day_discovery_engine - INFO - 🔬 Potential zero-day found: integer_overflow in https://httpbin.org
2025-10-02 16:57:45,681 - core.zero_day_discovery_engine - INFO - 🔬 Potential zero-day found: integer_overflow in https://httpbin.org
2025-10-02 16:57:45,711 - core.zero_day_discovery_engine - INFO - 🔬 Potential zero-day found: integer_overflow in https://httpbin.org
2025-10-02 16:57:45,842 - core.zero_day_discovery_engine - INFO - 🔬 Potential zero-day found: integer_overflow in https://httpbin.org
2025-10-02 16:57:45,873 - core.zero_day_discovery_engine - INFO - 🔬 Potential zero-day found: integer_overflow in https://httpbin.org
2025-10-02 16:57:46,004 - core.zero_day_discovery_engine - INFO - 🔬 Potential zero-day found: integer_overflow in https://httpbin.org
2025-10-02 16:57:46,035 - core.zero_day_discovery_engine - INFO - 🔬 Potential zero-day found: integer_overflow in https://httpbin.org
2025-10-02 16:57:46,166 - core.zero_day_discovery_engine - INFO - 🔬 Potential zero-day found: integer_overflow in https://httpbin.org
2025-10-02 16:57:46,197 - core.zero_day_discovery_engine - INFO - 🔬 Potential zero-day found: integer_overflow in https://httpbin.org
2025-10-02 16:57:46,327 - core.zero_day_discovery_engine - INFO - 🔬 Potential zero-day found: integer_overflow in https://httpbin.org
2025-10-02 16:57:46,358 - core.zero_day_discovery_engine - INFO - 🔬 Potential zero-day found: integer_overflow in https://httpbin.org
2025-10-02 16:57:46,489 - core.zero_day_discovery_engine - INFO - 🔬 Potential zero-day found: integer_overflow in https://httpbin.org
2025-10-02 16:57:46,519 - core.zero_day_discovery_engine - INFO - 🔬 Potential zero-day found: integer_overflow in https://httpbin.org
2025-10-02 16:57:46,650 - core.zero_day_discovery_engine - INFO - 🔬 Potential zero-day found: integer_overflow in https://httpbin.org
2025-10-02 16:57:46,681 - core.zero_day_discovery_engine - INFO - 🔬 Potential zero-day found: integer_overflow in https://httpbin.org
2025-10-02 16:57:46,812 - core.zero_day_discovery_engine - INFO - 🔬 Potential zero-day found: memory_corruption in https://httpbin.org
2025-10-02 16:57:46,842 - core.zero_day_discovery_engine - INFO - 🔬 Potential zero-day found: memory_corruption in https://httpbin.org
2025-10-02 16:57:46,873 - core.zero_day_discovery_engine - INFO - 🔬 Potential zero-day found: memory_corruption in https://httpbin.org
2025-10-02 16:57:47,004 - core.zero_day_discovery_engine - INFO - 🔬 Potential zero-day found: memory_corruption in https://httpbin.org
2025-10-02 16:57:47,035 - core.zero_day_discovery_engine - INFO - 🔬 Potential zero-day found: memory_corruption in https://httpbin.org
2025-10-02 16:57:47,065 - core.zero_day_discovery_engine - INFO - 🔬 Potential zero-day found: memory_corruption in https://httpbin.org
2025-10-02 16:57:47,196 - core.zero_day_discovery_engine - INFO - 🔬 Potential zero-day found: memory_corruption in https://httpbin.org
2025-10-02 16:57:47,227 - core.zero_day_discovery_engine - INFO - 🔬 Potential zero-day found: memory_corruption in https://httpbin.org
2025-10-02 16:57:47,257 - core.zero_day_discovery_engine - INFO - 🔬 Potential zero-day found: memory_corruption in https://httpbin.org
2025-10-02 16:57:47,388 - core.zero_day_discovery_engine - INFO - 🔬 Potential zero-day found: memory_corruption in https://httpbin.org
2025-10-02 16:57:47,419 - core.zero_day_discovery_engine - INFO - 🔬 Potential zero-day found: memory_corruption in https://httpbin.org
2025-10-02 16:57:47,449 - core.zero_day_discovery_engine - INFO - 🔬 Potential zero-day found: memory_corruption in https://httpbin.org
2025-10-02 16:57:47,580 - core.zero_day_discovery_engine - INFO - 🔬 Potential zero-day found: memory_corruption in https://httpbin.org
2025-10-02 16:57:47,611 - core.zero_day_discovery_engine - INFO - 🔬 Potential zero-day found: memory_corruption in https://httpbin.org
2025-10-02 16:57:47,641 - core.zero_day_discovery_engine - INFO - 🔬 Potential zero-day found: memory_corruption in https://httpbin.org
2025-10-02 16:57:47,772 - core.zero_day_discovery_engine - INFO - 🔬 Potential zero-day found: memory_corruption in https://httpbin.org
2025-10-02 16:57:47,803 - core.zero_day_discovery_engine - INFO - 🔬 Potential zero-day found: memory_corruption in https://httpbin.org
2025-10-02 16:57:47,834 - core.zero_day_discovery_engine - INFO - 🔬 Potential zero-day found: memory_corruption in https://httpbin.org
2025-10-02 16:57:47,965 - core.zero_day_discovery_engine - INFO - 🔬 Potential zero-day found: memory_corruption in https://httpbin.org
2025-10-02 16:57:47,995 - core.zero_day_discovery_engine - INFO - 🔬 Potential zero-day found: memory_corruption in https://httpbin.org
2025-10-02 16:57:48,026 - core.zero_day_discovery_engine - INFO - 🔬 Potential zero-day found: memory_corruption in https://httpbin.org
2025-10-02 16:57:48,157 - core.zero_day_discovery_engine - INFO - 🔬 Potential zero-day found: memory_corruption in https://httpbin.org
2025-10-02 16:57:48,187 - core.zero_day_discovery_engine - INFO - 🔬 Potential zero-day found: memory_corruption in https://httpbin.org
2025-10-02 16:57:48,218 - core.zero_day_discovery_engine - INFO - 🔬 Potential zero-day found: memory_corruption in https://httpbin.org
2025-10-02 16:57:48,349 - core.zero_day_discovery_engine - INFO - 🔬 Potential zero-day found: memory_corruption in https://httpbin.org
2025-10-02 16:57:48,380 - core.zero_day_discovery_engine - INFO - 🔬 Potential zero-day found: memory_corruption in https://httpbin.org
2025-10-02 16:57:48,411 - core.zero_day_discovery_engine - INFO - 🔬 Potential zero-day found: memory_corruption in https://httpbin.org
2025-10-02 16:57:48,542 - core.zero_day_discovery_engine - INFO - 🔬 Potential zero-day found: memory_corruption in https://httpbin.org
2025-10-02 16:57:48,573 - core.zero_day_discovery_engine - INFO - 🔬 Potential zero-day found: memory_corruption in https://httpbin.org
2025-10-02 16:57:48,603 - core.zero_day_discovery_engine - INFO - 🔬 Potential zero-day found: memory_corruption in https://httpbin.org
2025-10-02 16:57:48,734 - core.zero_day_discovery_engine - INFO - 🔬 Potential zero-day found: logic_bombs in https://httpbin.org
2025-10-02 16:57:48,765 - core.zero_day_discovery_engine - INFO - 🔬 Potential zero-day found: logic_bombs in https://httpbin.org
2025-10-02 16:57:48,795 - core.zero_day_discovery_engine - INFO - 🔬 Potential zero-day found: logic_bombs in https://httpbin.org
2025-10-02 16:57:48,926 - core.zero_day_discovery_engine - INFO - 🔬 Potential zero-day found: logic_bombs in https://httpbin.org
2025-10-02 16:57:48,957 - core.zero_day_discovery_engine - INFO - 🔬 Potential zero-day found: logic_bombs in https://httpbin.org
2025-10-02 16:57:48,988 - core.zero_day_discovery_engine - INFO - 🔬 Potential zero-day found: logic_bombs in https://httpbin.org
2025-10-02 16:57:49,119 - core.zero_day_discovery_engine - INFO - 🔬 Potential zero-day found: logic_bombs in https://httpbin.org
2025-10-02 16:57:49,149 - core.zero_day_discovery_engine - INFO - 🔬 Potential zero-day found: logic_bombs in https://httpbin.org
2025-10-02 16:57:49,180 - core.zero_day_discovery_engine - INFO - 🔬 Potential zero-day found: logic_bombs in https://httpbin.org
2025-10-02 16:57:49,311 - core.zero_day_discovery_engine - INFO - 🔬 Potential zero-day found: logic_bombs in https://httpbin.org
2025-10-02 16:57:49,342 - core.zero_day_discovery_engine - INFO - 🔬 Potential zero-day found: logic_bombs in https://httpbin.org
2025-10-02 16:57:49,372 - core.zero_day_discovery_engine - INFO - 🔬 Potential zero-day found: logic_bombs in https://httpbin.org
2025-10-02 16:57:49,503 - core.zero_day_discovery_engine - INFO - 🔬 Potential zero-day found: logic_bombs in https://httpbin.org
2025-10-02 16:57:49,534 - core.zero_day_discovery_engine - INFO - 🔬 Potential zero-day found: logic_bombs in https://httpbin.org
2025-10-02 16:57:49,564 - core.zero_day_discovery_engine - INFO - 🔬 Potential zero-day found: logic_bombs in https://httpbin.org
2025-10-02 16:57:49,695 - core.zero_day_discovery_engine - INFO - 🔬 Potential zero-day found: logic_bombs in https://httpbin.org
2025-10-02 16:57:49,726 - core.zero_day_discovery_engine - INFO - 🔬 Potential zero-day found: logic_bombs in https://httpbin.org
2025-10-02 16:57:49,757 - core.zero_day_discovery_engine - INFO - 🔬 Potential zero-day found: logic_bombs in https://httpbin.org
2025-10-02 16:57:49,888 - core.zero_day_discovery_engine - INFO - 🔬 Potential zero-day found: logic_bombs in https://httpbin.org
2025-10-02 16:57:49,919 - core.zero_day_discovery_engine - INFO - 🔬 Potential zero-day found: logic_bombs in https://httpbin.org
2025-10-02 16:57:49,949 - core.zero_day_discovery_engine - INFO - 🔬 Potential zero-day found: logic_bombs in https://httpbin.org
2025-10-02 16:57:50,080 - core.zero_day_discovery_engine - INFO - 🔬 Potential zero-day found: logic_bombs in https://httpbin.org
2025-10-02 16:57:50,111 - core.zero_day_discovery_engine - INFO - 🔬 Potential zero-day found: logic_bombs in https://httpbin.org
2025-10-02 16:57:50,141 - core.zero_day_discovery_engine - INFO - 🔬 Potential zero-day found: logic_bombs in https://httpbin.org
2025-10-02 16:57:50,272 - core.zero_day_discovery_engine - INFO - 🔬 Potential zero-day found: logic_bombs in https://httpbin.org
2025-10-02 16:57:50,303 - core.zero_day_discovery_engine - INFO - 🔬 Potential zero-day found: logic_bombs in https://httpbin.org
2025-10-02 16:57:50,333 - core.zero_day_discovery_engine - INFO - 🔬 Potential zero-day found: logic_bombs in https://httpbin.org
2025-10-02 16:57:50,464 - core.zero_day_discovery_engine - INFO - 🔬 Potential zero-day found: logic_bombs in https://httpbin.org
2025-10-02 16:57:50,495 - core.zero_day_discovery_engine - INFO - 🔬 Potential zero-day found: logic_bombs in https://httpbin.org
2025-10-02 16:57:50,526 - core.zero_day_discovery_engine - INFO - 🔬 Potential zero-day found: logic_bombs in https://httpbin.org
2025-10-02 16:57:50,657 - core.zero_day_discovery_engine - INFO - 🔬 Potential zero-day found: race_conditions in https://httpbin.org
2025-10-02 16:57:50,687 - core.zero_day_discovery_engine - INFO - 🔬 Potential zero-day found: race_conditions in https://httpbin.org
2025-10-02 16:57:50,818 - core.zero_day_discovery_engine - INFO - 🔬 Potential zero-day found: race_conditions in https://httpbin.org
2025-10-02 16:57:50,849 - core.zero_day_discovery_engine - INFO - 🔬 Potential zero-day found: race_conditions in https://httpbin.org
2025-10-02 16:57:50,980 - core.zero_day_discovery_engine - INFO - 🔬 Potential zero-day found: race_conditions in https://httpbin.org
2025-10-02 16:57:51,010 - core.zero_day_discovery_engine - INFO - 🔬 Potential zero-day found: race_conditions in https://httpbin.org
2025-10-02 16:57:51,141 - core.zero_day_discovery_engine - INFO - 🔬 Potential zero-day found: race_conditions in https://httpbin.org
2025-10-02 16:57:51,172 - core.zero_day_discovery_engine - INFO - 🔬 Potential zero-day found: race_conditions in https://httpbin.org
2025-10-02 16:57:51,303 - core.zero_day_discovery_engine - INFO - 🔬 Potential zero-day found: race_conditions in https://httpbin.org
2025-10-02 16:57:51,333 - core.zero_day_discovery_engine - INFO - 🔬 Potential zero-day found: race_conditions in https://httpbin.org
2025-10-02 16:57:51,464 - core.zero_day_discovery_engine - INFO - 🔬 Potential zero-day found: race_conditions in https://httpbin.org
2025-10-02 16:57:51,495 - core.zero_day_discovery_engine - INFO - 🔬 Potential zero-day found: race_conditions in https://httpbin.org
2025-10-02 16:57:51,626 - core.zero_day_discovery_engine - INFO - 🔬 Potential zero-day found: race_conditions in https://httpbin.org
2025-10-02 16:57:51,657 - core.zero_day_discovery_engine - INFO - 🔬 Potential zero-day found: race_conditions in https://httpbin.org
2025-10-02 16:57:51,788 - core.zero_day_discovery_engine - INFO - 🔬 Potential zero-day found: race_conditions in https://httpbin.org
2025-10-02 16:57:51,819 - core.zero_day_discovery_engine - INFO - 🔬 Potential zero-day found: race_conditions in https://httpbin.org
2025-10-02 16:57:51,950 - core.zero_day_discovery_engine - INFO - 🔬 Potential zero-day found: race_conditions in https://httpbin.org
2025-10-02 16:57:51,980 - core.zero_day_discovery_engine - INFO - 🔬 Potential zero-day found: race_conditions in https://httpbin.org
2025-10-02 16:57:52,111 - core.zero_day_discovery_engine - INFO - 🔬 Potential zero-day found: race_conditions in https://httpbin.org
2025-10-02 16:57:52,142 - core.zero_day_discovery_engine - INFO - 🔬 Potential zero-day found: race_conditions in https://httpbin.org
2025-10-02 16:57:52,273 - core.zero_day_discovery_engine - INFO - 🔬 Potential zero-day found: deserialization_bombs in https://httpbin.org
2025-10-02 16:57:52,304 - core.zero_day_discovery_engine - INFO - 🔬 Potential zero-day found: deserialization_bombs in https://httpbin.org
2025-10-02 16:57:52,334 - core.zero_day_discovery_engine - INFO - 🔬 Potential zero-day found: deserialization_bombs in https://httpbin.org
2025-10-02 16:57:52,465 - core.zero_day_discovery_engine - INFO - 🔬 Potential zero-day found: deserialization_bombs in https://httpbin.org
2025-10-02 16:57:52,496 - core.zero_day_discovery_engine - INFO - 🔬 Potential zero-day found: deserialization_bombs in https://httpbin.org
2025-10-02 16:57:52,526 - core.zero_day_discovery_engine - INFO - 🔬 Potential zero-day found: deserialization_bombs in https://httpbin.org
2025-10-02 16:57:52,657 - core.zero_day_discovery_engine - INFO - 🔬 Potential zero-day found: deserialization_bombs in https://httpbin.org
2025-10-02 16:57:52,688 - core.zero_day_discovery_engine - INFO - 🔬 Potential zero-day found: deserialization_bombs in https://httpbin.org
2025-10-02 16:57:52,719 - core.zero_day_discovery_engine - INFO - 🔬 Potential zero-day found: deserialization_bombs in https://httpbin.org
2025-10-02 16:57:52,850 - core.zero_day_discovery_engine - INFO - 🔬 Potential zero-day found: deserialization_bombs in https://httpbin.org
2025-10-02 16:57:52,880 - core.zero_day_discovery_engine - INFO - 🔬 Potential zero-day found: deserialization_bombs in https://httpbin.org
2025-10-02 16:57:52,911 - core.zero_day_discovery_engine - INFO - 🔬 Potential zero-day found: deserialization_bombs in https://httpbin.org
2025-10-02 16:57:53,042 - core.zero_day_discovery_engine - INFO - 🔬 Potential zero-day found: prototype_pollution in https://httpbin.org
2025-10-02 16:57:53,072 - core.zero_day_discovery_engine - INFO - 🔬 Potential zero-day found: prototype_pollution in https://httpbin.org
2025-10-02 16:57:53,203 - core.zero_day_discovery_engine - INFO - 🔬 Potential zero-day found: prototype_pollution in https://httpbin.org
2025-10-02 16:57:53,234 - core.zero_day_discovery_engine - INFO - 🔬 Potential zero-day found: prototype_pollution in https://httpbin.org
2025-10-02 16:57:53,365 - core.zero_day_discovery_engine - INFO - 🔬 Potential zero-day found: prototype_pollution in https://httpbin.org
2025-10-02 16:57:53,395 - core.zero_day_discovery_engine - INFO - 🔬 Potential zero-day found: prototype_pollution in https://httpbin.org
2025-10-02 16:57:53,526 - core.zero_day_discovery_engine - INFO - 🔬 Potential zero-day found: prototype_pollution in https://httpbin.org
2025-10-02 16:57:53,557 - core.zero_day_discovery_engine - INFO - 🔬 Potential zero-day found: prototype_pollution in https://httpbin.org
2025-10-02 16:57:53,688 - core.zero_day_discovery_engine - INFO - 🔬 Potential zero-day found: template_injection in https://httpbin.org
2025-10-02 16:57:53,719 - core.zero_day_discovery_engine - INFO - 🔬 Potential zero-day found: template_injection in https://httpbin.org
2025-10-02 16:57:53,750 - core.zero_day_discovery_engine - INFO - 🔬 Potential zero-day found: template_injection in https://httpbin.org
2025-10-02 16:57:53,880 - core.zero_day_discovery_engine - INFO - 🔬 Potential zero-day found: template_injection in https://httpbin.org
2025-10-02 16:57:53,911 - core.zero_day_discovery_engine - INFO - 🔬 Potential zero-day found: template_injection in https://httpbin.org
2025-10-02 16:57:53,942 - core.zero_day_discovery_engine - INFO - 🔬 Potential zero-day found: template_injection in https://httpbin.org
2025-10-02 16:57:54,073 - core.zero_day_discovery_engine - INFO - 🔬 Potential zero-day found: template_injection in https://httpbin.org
2025-10-02 16:57:54,103 - core.zero_day_discovery_engine - INFO - 🔬 Potential zero-day found: template_injection in https://httpbin.org
2025-10-02 16:57:54,134 - core.zero_day_discovery_engine - INFO - 🔬 Potential zero-day found: template_injection in https://httpbin.org
2025-10-02 16:57:54,265 - core.zero_day_discovery_engine - INFO - 🔬 Potential zero-day found: template_injection in https://httpbin.org
2025-10-02 16:57:54,296 - core.zero_day_discovery_engine - INFO - 🔬 Potential zero-day found: template_injection in https://httpbin.org
2025-10-02 16:57:54,326 - core.zero_day_discovery_engine - INFO - 🔬 Potential zero-day found: template_injection in https://httpbin.org
2025-10-02 16:57:54,457 - core.zero_day_discovery_engine - INFO - 🔬 Potential zero-day found: template_injection in https://httpbin.org
2025-10-02 16:57:54,488 - core.zero_day_discovery_engine - INFO - 🔬 Potential zero-day found: template_injection in https://httpbin.org
2025-10-02 16:57:54,518 - core.zero_day_discovery_engine - INFO - 🔬 Potential zero-day found: template_injection in https://httpbin.org
2025-10-02 16:57:54,650 - core.zero_day_discovery_engine - INFO - 🔬 Potential zero-day found: template_injection in https://httpbin.org
2025-10-02 16:57:54,680 - core.zero_day_discovery_engine - INFO - 🔬 Potential zero-day found: template_injection in https://httpbin.org
2025-10-02 16:57:54,711 - core.zero_day_discovery_engine - INFO - 🔬 Potential zero-day found: template_injection in https://httpbin.org
2025-10-02 16:57:54,842 - core.zero_day_discovery_engine - INFO - 🔬 Potential zero-day found: template_injection in https://httpbin.org
2025-10-02 16:57:54,872 - core.zero_day_discovery_engine - INFO - 🔬 Potential zero-day found: template_injection in https://httpbin.org
2025-10-02 16:57:54,903 - core.zero_day_discovery_engine - INFO - 🔬 Potential zero-day found: template_injection in https://httpbin.org
2025-10-02 16:57:55,034 - core.zero_day_discovery_engine - INFO - 🔬 Potential zero-day found: template_injection in https://httpbin.org
2025-10-02 16:57:55,064 - core.zero_day_discovery_engine - INFO - 🔬 Potential zero-day found: template_injection in https://httpbin.org
2025-10-02 16:57:55,095 - core.zero_day_discovery_engine - INFO - 🔬 Potential zero-day found: template_injection in https://httpbin.org
2025-10-02 16:57:55,226 - core.zero_day_discovery_engine - INFO - 🔬 Potential zero-day found: template_injection in https://httpbin.org
2025-10-02 16:57:55,256 - core.zero_day_discovery_engine - INFO - 🔬 Potential zero-day found: template_injection in https://httpbin.org
2025-10-02 16:57:55,287 - core.zero_day_discovery_engine - INFO - 🔬 Potential zero-day found: template_injection in https://httpbin.org
2025-10-02 16:57:55,418 - core.zero_day_discovery_engine - INFO - 🔬 Potential zero-day found: xxe_advanced in https://httpbin.org
2025-10-02 16:57:55,448 - core.zero_day_discovery_engine - INFO - 🔬 Potential zero-day found: xxe_advanced in https://httpbin.org
2025-10-02 16:57:55,579 - core.zero_day_discovery_engine - INFO - 🔬 Potential zero-day found: xxe_advanced in https://httpbin.org
2025-10-02 16:57:55,610 - core.zero_day_discovery_engine - INFO - 🔬 Potential zero-day found: xxe_advanced in https://httpbin.org
2025-10-02 16:57:55,741 - core.zero_day_discovery_engine - INFO - 🔬 Potential zero-day found: xxe_advanced in https://httpbin.org
2025-10-02 16:57:55,772 - core.zero_day_discovery_engine - INFO - 🔬 Potential zero-day found: xxe_advanced in https://httpbin.org
2025-10-02 16:57:55,902 - core.zero_day_discovery_engine - INFO - 🔬 Potential zero-day found: buffer_overflow in https://httpbin.org/
2025-10-02 16:57:55,933 - core.zero_day_discovery_engine - INFO - 🔬 Potential zero-day found: buffer_overflow in https://httpbin.org/
2025-10-02 16:57:55,964 - core.zero_day_discovery_engine - INFO - 🔬 Potential zero-day found: buffer_overflow in https://httpbin.org/
2025-10-02 16:57:55,994 - core.zero_day_discovery_engine - INFO - 🔬 Potential zero-day found: buffer_overflow in https://httpbin.org/
2025-10-02 16:57:56,125 - core.zero_day_discovery_engine - INFO - 🔬 Potential zero-day found: buffer_overflow in https://httpbin.org/
2025-10-02 16:57:56,156 - core.zero_day_discovery_engine - INFO - 🔬 Potential zero-day found: buffer_overflow in https://httpbin.org/
2025-10-02 16:57:56,186 - core.zero_day_discovery_engine - INFO - 🔬 Potential zero-day found: buffer_overflow in https://httpbin.org/
2025-10-02 16:57:56,217 - core.zero_day_discovery_engine - INFO - 🔬 Potential zero-day found: buffer_overflow in https://httpbin.org/
2025-10-02 16:57:56,348 - core.zero_day_discovery_engine - INFO - 🔬 Potential zero-day found: buffer_overflow in https://httpbin.org/
2025-10-02 16:57:56,378 - core.zero_day_discovery_engine - INFO - 🔬 Potential zero-day found: buffer_overflow in https://httpbin.org/
2025-10-02 16:57:56,409 - core.zero_day_discovery_engine - INFO - 🔬 Potential zero-day found: buffer_overflow in https://httpbin.org/
2025-10-02 16:57:56,440 - core.zero_day_discovery_engine - INFO - 🔬 Potential zero-day found: buffer_overflow in https://httpbin.org/
2025-10-02 16:57:56,570 - core.zero_day_discovery_engine - INFO - 🔬 Potential zero-day found: buffer_overflow in https://httpbin.org/
2025-10-02 16:57:56,601 - core.zero_day_discovery_engine - INFO - 🔬 Potential zero-day found: buffer_overflow in https://httpbin.org/
2025-10-02 16:57:56,632 - core.zero_day_discovery_engine - INFO - 🔬 Potential zero-day found: buffer_overflow in https://httpbin.org/
2025-10-02 16:57:56,662 - core.zero_day_discovery_engine - INFO - 🔬 Potential zero-day found: buffer_overflow in https://httpbin.org/
2025-10-02 16:57:56,793 - core.zero_day_discovery_engine - INFO - 🔬 Potential zero-day found: buffer_overflow in https://httpbin.org/
2025-10-02 16:57:56,824 - core.zero_day_discovery_engine - INFO - 🔬 Potential zero-day found: buffer_overflow in https://httpbin.org/
2025-10-02 16:57:56,856 - core.zero_day_discovery_engine - INFO - 🔬 Potential zero-day found: buffer_overflow in https://httpbin.org/
2025-10-02 16:57:56,887 - core.zero_day_discovery_engine - INFO - 🔬 Potential zero-day found: buffer_overflow in https://httpbin.org/
2025-10-02 16:57:57,018 - core.zero_day_discovery_engine - INFO - 🔬 Potential zero-day found: buffer_overflow in https://httpbin.org/
2025-10-02 16:57:57,049 - core.zero_day_discovery_engine - INFO - 🔬 Potential zero-day found: buffer_overflow in https://httpbin.org/
2025-10-02 16:57:57,080 - core.zero_day_discovery_engine - INFO - 🔬 Potential zero-day found: buffer_overflow in https://httpbin.org/
2025-10-02 16:57:57,110 - core.zero_day_discovery_engine - INFO - 🔬 Potential zero-day found: buffer_overflow in https://httpbin.org/
2025-10-02 16:57:57,241 - core.zero_day_discovery_engine - INFO - 🔬 Potential zero-day found: buffer_overflow in https://httpbin.org/
2025-10-02 16:57:57,272 - core.zero_day_discovery_engine - INFO - 🔬 Potential zero-day found: buffer_overflow in https://httpbin.org/
2025-10-02 16:57:57,302 - core.zero_day_discovery_engine - INFO - 🔬 Potential zero-day found: buffer_overflow in https://httpbin.org/
2025-10-02 16:57:57,333 - core.zero_day_discovery_engine - INFO - 🔬 Potential zero-day found: buffer_overflow in https://httpbin.org/
2025-10-02 16:57:57,464 - core.zero_day_discovery_engine - INFO - 🔬 Potential zero-day found: buffer_overflow in https://httpbin.org/
2025-10-02 16:57:57,495 - core.zero_day_discovery_engine - INFO - 🔬 Potential zero-day found: buffer_overflow in https://httpbin.org/
2025-10-02 16:57:57,525 - core.zero_day_discovery_engine - INFO - 🔬 Potential zero-day found: buffer_overflow in https://httpbin.org/
2025-10-02 16:57:57,556 - core.zero_day_discovery_engine - INFO - 🔬 Potential zero-day found: buffer_overflow in https://httpbin.org/
2025-10-02 16:57:57,687 - core.zero_day_discovery_engine - INFO - 🔬 Potential zero-day found: buffer_overflow in https://httpbin.org/
2025-10-02 16:57:57,718 - core.zero_day_discovery_engine - INFO - 🔬 Potential zero-day found: buffer_overflow in https://httpbin.org/
2025-10-02 16:57:57,748 - core.zero_day_discovery_engine - INFO - 🔬 Potential zero-day found: buffer_overflow in https://httpbin.org/
2025-10-02 16:57:57,779 - core.zero_day_discovery_engine - INFO - 🔬 Potential zero-day found: buffer_overflow in https://httpbin.org/
2025-10-02 16:57:57,910 - core.zero_day_discovery_engine - INFO - 🔬 Potential zero-day found: buffer_overflow in https://httpbin.org/
2025-10-02 16:57:57,941 - core.zero_day_discovery_engine - INFO - 🔬 Potential zero-day found: buffer_overflow in https://httpbin.org/
2025-10-02 16:57:57,971 - core.zero_day_discovery_engine - INFO - 🔬 Potential zero-day found: buffer_overflow in https://httpbin.org/
2025-10-02 16:57:58,002 - core.zero_day_discovery_engine - INFO - 🔬 Potential zero-day found: buffer_overflow in https://httpbin.org/
2025-10-02 16:57:58,133 - core.zero_day_discovery_engine - INFO - 🔬 Potential zero-day found: format_string in https://httpbin.org/
2025-10-02 16:57:58,163 - core.zero_day_discovery_engine - INFO - 🔬 Potential zero-day found: format_string in https://httpbin.org/
2025-10-02 16:57:58,194 - core.zero_day_discovery_engine - INFO - 🔬 Potential zero-day found: format_string in https://httpbin.org/
2025-10-02 16:57:58,325 - core.zero_day_discovery_engine - INFO - 🔬 Potential zero-day found: format_string in https://httpbin.org/
2025-10-02 16:57:58,355 - core.zero_day_discovery_engine - INFO - 🔬 Potential zero-day found: format_string in https://httpbin.org/
2025-10-02 16:57:58,386 - core.zero_day_discovery_engine - INFO - 🔬 Potential zero-day found: format_string in https://httpbin.org/
2025-10-02 16:57:58,517 - core.zero_day_discovery_engine - INFO - 🔬 Potential zero-day found: format_string in https://httpbin.org/
2025-10-02 16:57:58,547 - core.zero_day_discovery_engine - INFO - 🔬 Potential zero-day found: format_string in https://httpbin.org/
2025-10-02 16:57:58,578 - core.zero_day_discovery_engine - INFO - 🔬 Potential zero-day found: format_string in https://httpbin.org/
2025-10-02 16:57:58,709 - core.zero_day_discovery_engine - INFO - 🔬 Potential zero-day found: format_string in https://httpbin.org/
2025-10-02 16:57:58,739 - core.zero_day_discovery_engine - INFO - 🔬 Potential zero-day found: format_string in https://httpbin.org/
2025-10-02 16:57:58,770 - core.zero_day_discovery_engine - INFO - 🔬 Potential zero-day found: format_string in https://httpbin.org/
2025-10-02 16:57:58,901 - core.zero_day_discovery_engine - INFO - 🔬 Potential zero-day found: format_string in https://httpbin.org/
2025-10-02 16:57:58,932 - core.zero_day_discovery_engine - INFO - 🔬 Potential zero-day found: format_string in https://httpbin.org/
2025-10-02 16:57:58,962 - core.zero_day_discovery_engine - INFO - 🔬 Potential zero-day found: format_string in https://httpbin.org/
2025-10-02 16:57:59,094 - core.zero_day_discovery_engine - INFO - 🔬 Potential zero-day found: format_string in https://httpbin.org/
2025-10-02 16:57:59,125 - core.zero_day_discovery_engine - INFO - 🔬 Potential zero-day found: format_string in https://httpbin.org/
2025-10-02 16:57:59,155 - core.zero_day_discovery_engine - INFO - 🔬 Potential zero-day found: format_string in https://httpbin.org/
2025-10-02 16:57:59,286 - core.zero_day_discovery_engine - INFO - 🔬 Potential zero-day found: format_string in https://httpbin.org/
2025-10-02 16:57:59,317 - core.zero_day_discovery_engine - INFO - 🔬 Potential zero-day found: format_string in https://httpbin.org/
2025-10-02 16:57:59,347 - core.zero_day_discovery_engine - INFO - 🔬 Potential zero-day found: format_string in https://httpbin.org/
2025-10-02 16:57:59,478 - core.zero_day_discovery_engine - INFO - 🔬 Potential zero-day found: format_string in https://httpbin.org/
2025-10-02 16:57:59,509 - core.zero_day_discovery_engine - INFO - 🔬 Potential zero-day found: format_string in https://httpbin.org/
2025-10-02 16:57:59,539 - core.zero_day_discovery_engine - INFO - 🔬 Potential zero-day found: format_string in https://httpbin.org/
2025-10-02 16:57:59,670 - core.zero_day_discovery_engine - INFO - 🔬 Potential zero-day found: format_string in https://httpbin.org/
2025-10-02 16:57:59,701 - core.zero_day_discovery_engine - INFO - 🔬 Potential zero-day found: format_string in https://httpbin.org/
2025-10-02 16:57:59,731 - core.zero_day_discovery_engine - INFO - 🔬 Potential zero-day found: format_string in https://httpbin.org/
2025-10-02 16:57:59,862 - core.zero_day_discovery_engine - INFO - 🔬 Potential zero-day found: format_string in https://httpbin.org/
2025-10-02 16:57:59,893 - core.zero_day_discovery_engine - INFO - 🔬 Potential zero-day found: format_string in https://httpbin.org/
2025-10-02 16:57:59,923 - core.zero_day_discovery_engine - INFO - 🔬 Potential zero-day found: format_string in https://httpbin.org/
2025-10-02 16:58:00,054 - core.zero_day_discovery_engine - INFO - 🔬 Potential zero-day found: integer_overflow in https://httpbin.org/
2025-10-02 16:58:00,085 - core.zero_day_discovery_engine - INFO - 🔬 Potential zero-day found: integer_overflow in https://httpbin.org/
2025-10-02 16:58:00,216 - core.zero_day_discovery_engine - INFO - 🔬 Potential zero-day found: integer_overflow in https://httpbin.org/
2025-10-02 16:58:00,247 - core.zero_day_discovery_engine - INFO - 🔬 Potential zero-day found: integer_overflow in https://httpbin.org/
2025-10-02 16:58:00,378 - core.zero_day_discovery_engine - INFO - 🔬 Potential zero-day found: integer_overflow in https://httpbin.org/
2025-10-02 16:58:00,408 - core.zero_day_discovery_engine - INFO - 🔬 Potential zero-day found: integer_overflow in https://httpbin.org/
2025-10-02 16:58:00,539 - core.zero_day_discovery_engine - INFO - 🔬 Potential zero-day found: integer_overflow in https://httpbin.org/
2025-10-02 16:58:00,570 - core.zero_day_discovery_engine - INFO - 🔬 Potential zero-day found: integer_overflow in https://httpbin.org/
2025-10-02 16:58:00,701 - core.zero_day_discovery_engine - INFO - 🔬 Potential zero-day found: integer_overflow in https://httpbin.org/
2025-10-02 16:58:00,731 - core.zero_day_discovery_engine - INFO - 🔬 Potential zero-day found: integer_overflow in https://httpbin.org/
2025-10-02 16:58:00,862 - core.zero_day_discovery_engine - INFO - 🔬 Potential zero-day found: integer_overflow in https://httpbin.org/
2025-10-02 16:58:00,893 - core.zero_day_discovery_engine - INFO - 🔬 Potential zero-day found: integer_overflow in https://httpbin.org/
2025-10-02 16:58:01,024 - core.zero_day_discovery_engine - INFO - 🔬 Potential zero-day found: integer_overflow in https://httpbin.org/
2025-10-02 16:58:01,054 - core.zero_day_discovery_engine - INFO - 🔬 Potential zero-day found: integer_overflow in https://httpbin.org/
2025-10-02 16:58:01,185 - core.zero_day_discovery_engine - INFO - 🔬 Potential zero-day found: integer_overflow in https://httpbin.org/
2025-10-02 16:58:01,216 - core.zero_day_discovery_engine - INFO - 🔬 Potential zero-day found: integer_overflow in https://httpbin.org/
2025-10-02 16:58:01,347 - core.zero_day_discovery_engine - INFO - 🔬 Potential zero-day found: integer_overflow in https://httpbin.org/
2025-10-02 16:58:01,377 - core.zero_day_discovery_engine - INFO - 🔬 Potential zero-day found: integer_overflow in https://httpbin.org/
2025-10-02 16:58:01,508 - core.zero_day_discovery_engine - INFO - 🔬 Potential zero-day found: integer_overflow in https://httpbin.org/
2025-10-02 16:58:01,539 - core.zero_day_discovery_engine - INFO - 🔬 Potential zero-day found: integer_overflow in https://httpbin.org/
